-- phpMyAdmin SQL Dump
-- version 5.2.1
-- https://www.phpmyadmin.net/
--
-- Host: 127.0.0.1
-- Generation Time: Sep 25, 2024 at 02:01 AM
-- Server version: 10.4.32-MariaDB
-- PHP Version: 8.2.12

SET SQL_MODE = "NO_AUTO_VALUE_ON_ZERO";
START TRANSACTION;
SET time_zone = "+00:00";


/*!40101 SET @OLD_CHARACTER_SET_CLIENT=@@CHARACTER_SET_CLIENT */;
/*!40101 SET @OLD_CHARACTER_SET_RESULTS=@@CHARACTER_SET_RESULTS */;
/*!40101 SET @OLD_COLLATION_CONNECTION=@@COLLATION_CONNECTION */;
/*!40101 SET NAMES utf8mb4 */;

--
-- Database: `customer`
--

-- --------------------------------------------------------

--
-- Table structure for table `answer`
--

CREATE TABLE `answer` (
  `Qid` int(11) NOT NULL,
  `Aid` int(11) NOT NULL,
  `answer` varchar(255) NOT NULL,
  `subId` int(11) NOT NULL
) ENGINE=InnoDB DEFAULT CHARSET=utf8mb4 COLLATE=utf8mb4_general_ci;

--
-- Dumping data for table `answer`
--

INSERT INTO `answer` (`Qid`, `Aid`, `answer`, `subId`) VALUES
(10, 17, '80', 0),
(10, 18, '81', 0),
(10, 19, '70', 0),
(10, 20, '23', 0),
(11, 21, '11', 0),
(11, 22, '10', 0),
(11, 23, '5', 0),
(11, 24, '23', 0),
(12, 25, '5', 0),
(12, 26, '1', 0),
(12, 27, '40', 0),
(12, 28, '41', 0);

-- --------------------------------------------------------

--
-- Table structure for table `customer`
--

CREATE TABLE `customer` (
  `ID` int(7) NOT NULL,
  `first_name` varchar(30) NOT NULL,
  `last_name` varchar(30) NOT NULL,
  `email` varchar(60) DEFAULT NULL,
  `pass_word` varchar(100) DEFAULT NULL,
  `reg_date` timestamp NOT NULL DEFAULT current_timestamp() ON UPDATE current_timestamp(),
  `file` varchar(255) NOT NULL
) ENGINE=InnoDB DEFAULT CHARSET=utf8mb4 COLLATE=utf8mb4_general_ci;

--
-- Dumping data for table `customer`
--

INSERT INTO `customer` (`ID`, `first_name`, `last_name`, `email`, `pass_word`, `reg_date`, `file`) VALUES
(79, 'biniyam', 'test002', 'g@gmail.com', 'ef797c8118f02dfb649607dd5d3f8c7623048c9c063d532cc95c5ed7a898a64f', '2024-09-21 12:02:41', 'arthur-humeau-o8LLzIxWZMA-unsplash.jpg'),
(82, 'alemayew', 'test', 'biniyam@alemayewp', '3a3292664b240008033408ccec9fda4240dcd8e4c327c117c7e02e55903c6776', '2024-09-21 11:54:01', 'arthur-humeau-o8LLzIxWZMA-unsplash.jpg'),
(83, 'biniyam', 'girmaa', 'girmabinyam7@gmail.com1', 'a665a45920422f9d417e4867efdc4fb8a04a1f3fff1fa07e998e86f7f7a27ae3', '2024-09-21 12:34:45', 'chad-montano-MqT0asuoIcU-unsplash.jpg'),
(84, 'biniyam', 'Girma', 'girmabinyam7@g', 'a665a45920422f9d417e4867efdc4fb8a04a1f3fff1fa07e998e86f7f7a27ae3', '2024-09-15 19:42:59', 'dad-hotel-Y-bJWAjPzsY-unsplash.jpg'),
(87, 'Biniyam', 'girmaa', 'hello@g', 'a665a45920422f9d417e4867efdc4fb8a04a1f3fff1fa07e998e86f7f7a27ae3', '2024-09-19 09:20:03', 'Humaaans - Research.png'),
(88, 'biniyam', 'Girma', 'girmabiny@gmail.com', '4813494d137e1631bba301d5acab6e7bb7aa74ce1185d456565ef51d737677b2', '2024-09-21 02:50:24', 'chad-montano-MqT0asuoIcU-unsplash.jpg'),
(89, 'abakiya', 'Girma', 'girmabi@gmail.com', '4813494d137e1631bba301d5acab6e7bb7aa74ce1185d456565ef51d737677b2', '2024-09-21 08:42:15', 'ricky-higby-5jqNqM1Npsg-unsplash.jpg'),
(90, 'biniyam', 'Girma', 'gir7@gmail.com', '4813494d137e1631bba301d5acab6e7bb7aa74ce1185d456565ef51d737677b2', '2024-09-21 08:42:25', 'chad-montano-MqT0asuoIcU-unsplash.jpg'),
(91, 'alemayew', 'father', 'k@gmail.com', '4813494d137e1631bba301d5acab6e7bb7aa74ce1185d456565ef51d737677b2', '2024-09-21 08:42:34', 'brooke-lark-R18ecx07b3c-unsplash.jpg'),
(92, 'Biniyam', 'Girma', 'girma@gmail.com', '4813494d137e1631bba301d5acab6e7bb7aa74ce1185d456565ef51d737677b2', '2024-09-21 08:42:44', 'sara-dubler-Koei_7yYtIo-unsplash.jpg'),
(93, 'biniyam', 'father', 'girmabm7@gmail.com', '4813494d137e1631bba301d5acab6e7bb7aa74ce1185d456565ef51d737677b2', '2024-09-21 08:42:55', 'sonny-mauricio-yhc4pSbl01A-unsplash.jpg'),
(95, 'biniyam', 'Girma', 'girmabinyam7@gmail.com', '4813494d137e1631bba301d5acab6e7bb7aa74ce1185d456565ef51d737677b2', '2024-09-21 12:22:53', 'gert-tali-2NS6IDQaZ5Q-unsplash.jpg'),
(96, 'test002', 'test', 'g@q', 'a665a45920422f9d417e4867efdc4fb8a04a1f3fff1fa07e998e86f7f7a27ae3', '2024-09-22 08:28:41', '');

-- --------------------------------------------------------

--
-- Table structure for table `images`
--

CREATE TABLE `images` (
  `ID` int(11) NOT NULL,
  `file` varchar(100) NOT NULL
) ENGINE=InnoDB DEFAULT CHARSET=utf8mb4 COLLATE=utf8mb4_general_ci;

--
-- Dumping data for table `images`
--

INSERT INTO `images` (`ID`, `file`) VALUES
(63, 'gert-tali-2NS6IDQaZ5Q-unsplash.jpg');

-- --------------------------------------------------------

--
-- Table structure for table `question`
--

CREATE TABLE `question` (
  `Qid` int(11) NOT NULL,
  `question` varchar(255) NOT NULL,
  `Aid` int(11) NOT NULL,
  `subId` int(11) NOT NULL
) ENGINE=InnoDB DEFAULT CHARSET=utf8mb4 COLLATE=utf8mb4_general_ci;

--
-- Dumping data for table `question`
--

INSERT INTO `question` (`Qid`, `question`, `Aid`, `subId`) VALUES
(10, '10 times of 8 is equal to:', 17, 0),
(11, '110 divided by 10 is:', 21, 0),
(12, 'The product of 8 and 5 is:', 27, 0);

-- --------------------------------------------------------

--
-- Table structure for table `region`
--

CREATE TABLE `region` (
  `regionName` varchar(21) DEFAULT NULL,
  `regionId` int(2) NOT NULL
) ENGINE=InnoDB DEFAULT CHARSET=utf8 COLLATE=utf8_general_ci;

--
-- Dumping data for table `region`
--

INSERT INTO `region` (`regionName`, `regionId`) VALUES
('Addis Ababa', 1),
('Afar', 2),
('Amhara', 3),
('Benishangul Gumz', 4),
('Central Ethiopia', 5),
('Dire Dawa', 6),
('Gambela', 7),
('Harari', 8),
('Oromia', 9),
('Sidama', 10),
('South Ethiopia Region', 11),
('Somali', 12),
('South West Ethiopia', 13),
('Tigray', 14);

-- --------------------------------------------------------

--
-- Table structure for table `score`
--

CREATE TABLE `score` (
  `ID` int(11) NOT NULL,
  `subId` int(11) NOT NULL,
  `score` int(11) NOT NULL
) ENGINE=InnoDB DEFAULT CHARSET=utf8mb4 COLLATE=utf8mb4_general_ci;

-- --------------------------------------------------------

--
-- Table structure for table `studentanswer`
--

CREATE TABLE `studentanswer` (
  `ID` int(11) NOT NULL,
  `Qid` int(11) NOT NULL,
  `Aid` int(11) NOT NULL
) ENGINE=InnoDB DEFAULT CHARSET=utf8mb4 COLLATE=utf8mb4_general_ci;

--
-- Dumping data for table `studentanswer`
--

INSERT INTO `studentanswer` (`ID`, `Qid`, `Aid`) VALUES
(95, 10, 17),
(95, 11, 21),
(95, 12, 27),
(95, 10, 17),
(95, 11, 21),
(95, 12, 27),
(95, 10, 17),
(95, 11, 21),
(95, 12, 27),
(95, 10, 17),
(95, 11, 21),
(95, 12, 27);

-- --------------------------------------------------------

--
-- Table structure for table `town`
--

CREATE TABLE `town` (
  `townId` int(4) NOT NULL,
  `zoneId` int(2) DEFAULT NULL,
  `regionId` int(2) DEFAULT NULL,
  `townName` varchar(28) DEFAULT NULL,
  `zoneName` varchar(20) DEFAULT NULL,
  `regionName` varchar(21) DEFAULT NULL
) ENGINE=InnoDB DEFAULT CHARSET=utf8 COLLATE=utf8_general_ci;

--
-- Dumping data for table `town`
--

INSERT INTO `town` (`townId`, `zoneId`, `regionId`, `townName`, `zoneName`, `regionName`) VALUES
(1, 1, 14, 'Tahtay Adiyabo', 'North Western', 'Tigray'),
(2, 1, 14, 'Zana', 'North Western', 'Tigray'),
(3, 1, 14, 'Laelay Adiabo', 'North Western', 'Tigray'),
(4, 1, 14, 'Tahtay Koraro', 'North Western', 'Tigray'),
(5, 1, 14, 'Asgede', 'North Western', 'Tigray'),
(6, 1, 14, 'Tselemti', 'North Western', 'Tigray'),
(7, 1, 14, 'Sheraro town', 'North Western', 'Tigray'),
(8, 1, 14, 'Indasilassie town', 'North Western', 'Tigray'),
(9, 1, 14, 'Selekleka', 'North Western', 'Tigray'),
(10, 1, 14, 'Seyemti Adyabo', 'North Western', 'Tigray'),
(11, 1, 14, 'Adi Daero', 'North Western', 'Tigray'),
(12, 1, 14, 'Adi Hageray', 'North Western', 'Tigray'),
(13, 1, 14, 'Tsimbla', 'North Western', 'Tigray'),
(14, 1, 14, 'Endabaguna town', 'North Western', 'Tigray'),
(15, 1, 14, 'Dima (TG)', 'North Western', 'Tigray'),
(16, 1, 14, 'May Tsebri town', 'North Western', 'Tigray'),
(17, 2, 14, 'Chila', 'Central', 'Tigray'),
(18, 2, 14, 'Aheferom', 'Central', 'Tigray'),
(19, 2, 14, 'Edaga arbi', 'Central', 'Tigray'),
(20, 2, 14, 'Adwa', 'Central', 'Tigray'),
(21, 2, 14, 'Laelay Maychew', 'Central', 'Tigray'),
(22, 2, 14, 'Tahtay Mayechew', 'Central', 'Tigray'),
(23, 2, 14, 'Adet', 'Central', 'Tigray'),
(24, 2, 14, 'Kola Temben', 'Central', 'Tigray'),
(25, 2, 14, 'Naeder', 'Central', 'Tigray'),
(26, 2, 14, 'Abergele (TG)', 'Central', 'Tigray'),
(27, 2, 14, 'Abi Adi town', 'Central', 'Tigray'),
(28, 2, 14, 'Adwa town', 'Central', 'Tigray'),
(29, 2, 14, 'Axum town', 'Central', 'Tigray'),
(30, 2, 14, 'Rama', 'Central', 'Tigray'),
(31, 2, 14, 'Ahsea', 'Central', 'Tigray'),
(32, 2, 14, 'Egela', 'Central', 'Tigray'),
(33, 2, 14, 'Hahayle', 'Central', 'Tigray'),
(34, 2, 14, 'Endafelasi', 'Central', 'Tigray'),
(35, 2, 14, 'Emba Sieneti', 'Central', 'Tigray'),
(36, 2, 14, 'Enticho town', 'Central', 'Tigray'),
(37, 2, 14, 'Keyhe tekli', 'Central', 'Tigray'),
(38, 2, 14, 'Tanqua Melashe', 'Central', 'Tigray'),
(39, 3, 14, 'Gulo Mekeda', 'Eastern', 'Tigray'),
(40, 3, 14, 'Erob', 'Eastern', 'Tigray'),
(41, 3, 14, 'Saesie', 'Eastern', 'Tigray'),
(42, 3, 14, 'Ganta Afeshum', 'Eastern', 'Tigray'),
(43, 3, 14, 'Hawzen', 'Eastern', 'Tigray'),
(44, 3, 14, 'Kelete Awelallo', 'Eastern', 'Tigray'),
(45, 3, 14, 'Atsbi', 'Eastern', 'Tigray'),
(46, 3, 14, 'Adigrat town', 'Eastern', 'Tigray'),
(47, 3, 14, 'Wukro town', 'Eastern', 'Tigray'),
(48, 3, 14, 'Bizet', 'Eastern', 'Tigray'),
(49, 3, 14, 'Edaga Hamus town', 'Eastern', 'Tigray'),
(50, 3, 14, 'Hawzen town', 'Eastern', 'Tigray'),
(51, 3, 14, 'Freweyni town', 'Eastern', 'Tigray'),
(52, 3, 14, 'Tsaeda Emba', 'Eastern', 'Tigray'),
(53, 3, 14, 'Atsbi town', 'Eastern', 'Tigray'),
(54, 3, 14, 'Agulae', 'Eastern', 'Tigray'),
(55, 3, 14, 'Geraleta', 'Eastern', 'Tigray'),
(56, 3, 14, 'Zala Anbesa town', 'Eastern', 'Tigray'),
(57, 4, 14, 'Selewa', 'Southern', 'Tigray'),
(58, 4, 14, 'Bora (TG)', 'Southern', 'Tigray'),
(59, 4, 14, 'Neqsege', 'Southern', 'Tigray'),
(60, 4, 14, 'Emba Alaje', 'Southern', 'Tigray'),
(61, 4, 14, 'Endamehoni', 'Southern', 'Tigray'),
(62, 4, 14, 'Raya Azebo', 'Southern', 'Tigray'),
(63, 4, 14, 'Raya Alamata', 'Southern', 'Tigray'),
(64, 4, 14, 'Ofla', 'Southern', 'Tigray'),
(65, 4, 14, 'Maichew town', 'Southern', 'Tigray'),
(66, 4, 14, 'Korem town', 'Southern', 'Tigray'),
(67, 4, 14, 'Alamata town', 'Southern', 'Tigray'),
(68, 4, 14, 'Mekhoni town', 'Southern', 'Tigray'),
(69, 4, 14, 'Zata', 'Southern', 'Tigray'),
(70, 4, 14, 'Chercher', 'Southern', 'Tigray'),
(71, 5, 14, 'Kafta Humera', 'Western', 'Tigray'),
(72, 5, 14, 'Welkait', 'Western', 'Tigray'),
(73, 5, 14, 'Tsegede (TG)', 'Western', 'Tigray'),
(74, 5, 14, 'Setit Humera', 'Western', 'Tigray'),
(75, 5, 14, 'May Kadra', 'Western', 'Tigray'),
(76, 5, 14, 'Dansha town', 'Western', 'Tigray'),
(77, 5, 14, 'Awra (TG)', 'Western', 'Tigray'),
(78, 5, 14, 'Korarit', 'Western', 'Tigray'),
(79, 5, 14, 'May Gaba', 'Western', 'Tigray'),
(80, 6, 14, 'Saharti', 'South Eastern', 'Tigray'),
(81, 6, 14, 'Enderta', 'South Eastern', 'Tigray'),
(82, 6, 14, 'Hintalo', 'South Eastern', 'Tigray'),
(83, 6, 14, 'Degua Temben', 'South Eastern', 'Tigray'),
(84, 6, 14, 'Hagere Selam town', 'South Eastern', 'Tigray'),
(85, 6, 14, 'Samre', 'South Eastern', 'Tigray'),
(86, 6, 14, 'Adigudom', 'South Eastern', 'Tigray'),
(87, 6, 14, 'Wajirat', 'South Eastern', 'Tigray'),
(88, 7, 14, 'Mekelle', 'Mekelle', 'Tigray'),
(89, 8, 2, 'Dubti', 'Awsi /Zone 1', 'Afar'),
(90, 8, 2, 'Elidar', 'Awsi /Zone 1', 'Afar'),
(91, 8, 2, 'Asayita', 'Awsi /Zone 1', 'Afar'),
(92, 8, 2, 'Afambo', 'Awsi /Zone 1', 'Afar'),
(93, 8, 2, 'Mile', 'Awsi /Zone 1', 'Afar'),
(94, 8, 2, 'Chifra', 'Awsi /Zone 1', 'Afar'),
(95, 8, 2, 'Dubti town', 'Awsi /Zone 1', 'Afar'),
(96, 8, 2, 'Kori', 'Awsi /Zone 1', 'Afar'),
(97, 8, 2, 'Adar', 'Awsi /Zone 1', 'Afar'),
(98, 8, 2, 'Gerani', 'Awsi /Zone 1', 'Afar'),
(99, 8, 2, 'Asayita town', 'Awsi /Zone 1', 'Afar'),
(100, 8, 2, 'Samera Logiya town', 'Awsi /Zone 1', 'Afar'),
(101, 9, 2, 'Erebti', 'Kilbati /Zone2', 'Afar'),
(102, 9, 2, 'Kunneba', 'Kilbati /Zone2', 'Afar'),
(103, 9, 2, 'Abaala', 'Kilbati /Zone2', 'Afar'),
(104, 9, 2, 'Megale', 'Kilbati /Zone2', 'Afar'),
(105, 9, 2, 'Berahile', 'Kilbati /Zone2', 'Afar'),
(106, 9, 2, 'Dalol', 'Kilbati /Zone2', 'Afar'),
(107, 9, 2, 'Afdera', 'Kilbati /Zone2', 'Afar'),
(108, 9, 2, 'Bidu', 'Kilbati /Zone2', 'Afar'),
(109, 9, 2, 'Abaala town', 'Kilbati /Zone2', 'Afar'),
(110, 10, 2, 'Amibara', 'Gabi /Zone 3', 'Afar'),
(111, 10, 2, 'Awash', 'Gabi /Zone 3', 'Afar'),
(112, 10, 2, 'Gewane', 'Gabi /Zone 3', 'Afar'),
(113, 10, 2, 'Dulecha', 'Gabi /Zone 3', 'Afar'),
(114, 10, 2, 'Gelalu', 'Gabi /Zone 3', 'Afar'),
(115, 10, 2, 'Arguba', 'Gabi /Zone 3', 'Afar'),
(116, 10, 2, 'Hanruka', 'Gabi /Zone 3', 'Afar'),
(117, 10, 2, 'Awash town', 'Gabi /Zone 3', 'Afar'),
(118, 11, 2, 'Awra (AF)', 'Fanti /Zone 4', 'Afar'),
(119, 11, 2, 'Euwa', 'Fanti /Zone 4', 'Afar'),
(120, 11, 2, 'Teru', 'Fanti /Zone 4', 'Afar'),
(121, 11, 2, 'Yalo', 'Fanti /Zone 4', 'Afar'),
(122, 11, 2, 'Gulina', 'Fanti /Zone 4', 'Afar'),
(123, 12, 2, 'Telalek', 'Hari /Zone 5', 'Afar'),
(124, 12, 2, 'Samurobi', 'Hari /Zone 5', 'Afar'),
(125, 12, 2, 'Dawe', 'Hari /Zone 5', 'Afar'),
(126, 12, 2, 'Dalefage', 'Hari /Zone 5', 'Afar'),
(127, 12, 2, 'Hadelela', 'Hari /Zone 5', 'Afar'),
(128, 13, 3, 'Addi Arekay', 'North Gondar', 'Amhara'),
(129, 13, 3, 'Beyeda', 'North Gondar', 'Amhara'),
(130, 13, 3, 'Janamora', 'North Gondar', 'Amhara'),
(131, 13, 3, 'Debark', 'North Gondar', 'Amhara'),
(132, 13, 3, 'Dabat', 'North Gondar', 'Amhara'),
(133, 13, 3, 'Dabat town', 'North Gondar', 'Amhara'),
(134, 13, 3, 'Telemt', 'North Gondar', 'Amhara'),
(135, 13, 3, 'Debark town', 'North Gondar', 'Amhara'),
(136, 14, 3, 'Ebenat', 'South Gondar', 'Amhara'),
(137, 14, 3, 'Libokemekem', 'South Gondar', 'Amhara'),
(138, 14, 3, 'Fogera', 'South Gondar', 'Amhara'),
(139, 14, 3, 'Farta', 'South Gondar', 'Amhara'),
(140, 14, 3, 'Lay Gayint', 'South Gondar', 'Amhara'),
(141, 14, 3, 'Tach Gayint', 'South Gondar', 'Amhara'),
(142, 14, 3, 'Semada', 'South Gondar', 'Amhara'),
(143, 14, 3, 'East Esite', 'South Gondar', 'Amhara'),
(144, 14, 3, 'Dera (AM)', 'South Gondar', 'Amhara'),
(145, 14, 3, 'Debre Tabor town', 'South Gondar', 'Amhara'),
(146, 14, 3, 'Andabet/ West Esite', 'South Gondar', 'Amhara'),
(147, 14, 3, 'Guna Begemider', 'South Gondar', 'Amhara'),
(148, 14, 3, 'Mena Meketewa', 'South Gondar', 'Amhara'),
(149, 14, 3, 'Sede Muja', 'South Gondar', 'Amhara'),
(150, 14, 3, 'Nefas Mewicha town', 'South Gondar', 'Amhara'),
(151, 14, 3, 'Wegeda town', 'South Gondar', 'Amhara'),
(152, 14, 3, 'Ebenat town', 'South Gondar', 'Amhara'),
(153, 14, 3, 'Hamusit town', 'South Gondar', 'Amhara'),
(154, 14, 3, 'Woreta town', 'South Gondar', 'Amhara'),
(155, 14, 3, 'Mekan Eyesuse', 'South Gondar', 'Amhara'),
(156, 14, 3, 'Adiss Zemen town', 'South Gondar', 'Amhara'),
(157, 15, 3, 'Bugna', 'North Wello', 'Amhara'),
(158, 15, 3, 'Raya Kobo', 'North Wello', 'Amhara'),
(159, 15, 3, 'Gidan', 'North Wello', 'Amhara'),
(160, 15, 3, 'Meket', 'North Wello', 'Amhara'),
(161, 15, 3, 'Wadla', 'North Wello', 'Amhara'),
(162, 15, 3, 'Hara town', 'North Wello', 'Amhara'),
(163, 15, 3, 'Guba Lafto', 'North Wello', 'Amhara'),
(164, 15, 3, 'Habru', 'North Wello', 'Amhara'),
(165, 15, 3, 'Woldiya town', 'North Wello', 'Amhara'),
(166, 15, 3, 'Lasta', 'North Wello', 'Amhara'),
(167, 15, 3, 'Dawunt', 'North Wello', 'Amhara'),
(168, 15, 3, 'Gazo', 'North Wello', 'Amhara'),
(169, 15, 3, 'Angot', 'North Wello', 'Amhara'),
(170, 15, 3, 'Filakit town', 'North Wello', 'Amhara'),
(171, 15, 3, 'Gashena town', 'North Wello', 'Amhara'),
(172, 15, 3, 'Mersa town', 'North Wello', 'Amhara'),
(173, 15, 3, 'Lalibela town', 'North Wello', 'Amhara'),
(174, 15, 3, 'Kobo town', 'North Wello', 'Amhara'),
(175, 16, 3, 'Argoba', 'South Wello', 'Amhara'),
(176, 16, 3, 'Tenta', 'South Wello', 'Amhara'),
(177, 16, 3, 'Kutaber', 'South Wello', 'Amhara'),
(178, 16, 3, 'Ambasel', 'South Wello', 'Amhara'),
(179, 16, 3, 'Thehulederie', 'South Wello', 'Amhara'),
(180, 16, 3, 'Delanta', 'South Wello', 'Amhara'),
(181, 16, 3, 'Kalu', 'South Wello', 'Amhara'),
(182, 16, 3, 'Albuko', 'South Wello', 'Amhara'),
(183, 16, 3, 'Dessie Zuria', 'South Wello', 'Amhara'),
(184, 16, 3, 'Legambo', 'South Wello', 'Amhara'),
(185, 16, 3, 'Sayint', 'South Wello', 'Amhara'),
(186, 16, 3, 'Borena /Debresina', 'South Wello', 'Amhara'),
(187, 16, 3, 'Kelela', 'South Wello', 'Amhara'),
(188, 16, 3, 'Jama', 'South Wello', 'Amhara'),
(189, 16, 3, 'Were Ilu', 'South Wello', 'Amhara'),
(190, 16, 3, 'Wegde', 'South Wello', 'Amhara'),
(191, 16, 3, 'Kombolcha town', 'South Wello', 'Amhara'),
(192, 16, 3, 'Dessie town', 'South Wello', 'Amhara'),
(193, 16, 3, 'Mehal Sayint', 'South Wello', 'Amhara'),
(194, 16, 3, 'Legehida', 'South Wello', 'Amhara'),
(195, 16, 3, 'Mekdela', 'South Wello', 'Amhara'),
(196, 16, 3, 'Worebabu', 'South Wello', 'Amhara'),
(197, 16, 3, 'Wereilu town', 'South Wello', 'Amhara'),
(198, 16, 3, 'Wegel tena town', 'South Wello', 'Amhara'),
(199, 16, 3, 'Degolo town', 'South Wello', 'Amhara'),
(200, 16, 3, 'Kelala town', 'South Wello', 'Amhara'),
(201, 16, 3, 'Akeseta town', 'South Wello', 'Amhara'),
(202, 16, 3, 'Tulu Awlia', 'South Wello', 'Amhara'),
(203, 16, 3, 'Harbu town', 'South Wello', 'Amhara'),
(204, 16, 3, 'Mekane Selame', 'South Wello', 'Amhara'),
(205, 16, 3, 'Hike town', 'South Wello', 'Amhara'),
(206, 17, 3, 'Mida Woremo', 'North Shewa (AM)', 'Amhara'),
(207, 17, 3, 'Merhabete', 'North Shewa (AM)', 'Amhara'),
(208, 17, 3, 'Ensaro', 'North Shewa (AM)', 'Amhara'),
(209, 17, 3, 'Moretna Jiru', 'North Shewa (AM)', 'Amhara'),
(210, 17, 3, 'Menze Gera Midir', 'North Shewa (AM)', 'Amhara'),
(211, 17, 3, 'Gishe Rabel', 'North Shewa (AM)', 'Amhara'),
(212, 17, 3, 'Antsokiya', 'North Shewa (AM)', 'Amhara'),
(213, 17, 3, 'Eferatana Gidem', 'North Shewa (AM)', 'Amhara'),
(214, 17, 3, 'Menze Mama Midir', 'North Shewa (AM)', 'Amhara'),
(215, 17, 3, 'Tarema Ber', 'North Shewa (AM)', 'Amhara'),
(216, 17, 3, 'Mojan Wedera', 'North Shewa (AM)', 'Amhara'),
(217, 17, 3, 'Kewet', 'North Shewa (AM)', 'Amhara'),
(218, 17, 3, 'Angolelana Tera', 'North Shewa (AM)', 'Amhara'),
(219, 17, 3, 'Assagirt', 'North Shewa (AM)', 'Amhara'),
(220, 17, 3, 'Ankober', 'North Shewa (AM)', 'Amhara'),
(221, 17, 3, 'Hagere Mariam', 'North Shewa (AM)', 'Amhara'),
(222, 17, 3, 'Berehet', 'North Shewa (AM)', 'Amhara'),
(223, 17, 3, 'Minjar Shenkora', 'North Shewa (AM)', 'Amhara'),
(224, 17, 3, 'Basona Worena', 'North Shewa (AM)', 'Amhara'),
(225, 17, 3, 'Debre Berhan town', 'North Shewa (AM)', 'Amhara'),
(226, 17, 3, 'Menze Keya Gabriel', 'North Shewa (AM)', 'Amhara'),
(227, 17, 3, 'Menze Lalo Midir', 'North Shewa (AM)', 'Amhara'),
(228, 17, 3, 'Siya Debirna Wayu', 'North Shewa (AM)', 'Amhara'),
(229, 17, 3, 'Tulefa town', 'North Shewa (AM)', 'Amhara'),
(230, 17, 3, 'Arerti town', 'North Shewa (AM)', 'Amhara'),
(231, 17, 3, 'Molale town', 'North Shewa (AM)', 'Amhara'),
(232, 17, 3, 'Debre Sina town', 'North Shewa (AM)', 'Amhara'),
(233, 17, 3, 'Shoa Robit', 'North Shewa (AM)', 'Amhara'),
(234, 17, 3, 'Mehale Meda town', 'North Shewa (AM)', 'Amhara'),
(235, 17, 3, 'Ataye town', 'North Shewa (AM)', 'Amhara'),
(236, 17, 3, 'Aleme Ketma town', 'North Shewa (AM)', 'Amhara'),
(237, 18, 3, 'Bibugn', 'East Gojam', 'Amhara'),
(238, 18, 3, 'Hulet Ej Enese', 'East Gojam', 'Amhara'),
(239, 18, 3, 'Goncha Siso Enebse', 'East Gojam', 'Amhara'),
(240, 18, 3, 'Enebse Sarmder', 'East Gojam', 'Amhara'),
(241, 18, 3, 'Enarj Enawga', 'East Gojam', 'Amhara'),
(242, 18, 3, 'Enemay', 'East Gojam', 'Amhara'),
(243, 18, 3, 'Debay Telatgen', 'East Gojam', 'Amhara'),
(244, 18, 3, 'Debre Elias', 'East Gojam', 'Amhara'),
(245, 18, 3, 'Michakel', 'East Gojam', 'Amhara'),
(246, 18, 3, 'Guzamn', 'East Gojam', 'Amhara'),
(247, 18, 3, 'Baso Liben', 'East Gojam', 'Amhara'),
(248, 18, 3, 'Awabel', 'East Gojam', 'Amhara'),
(249, 18, 3, 'Dejen', 'East Gojam', 'Amhara'),
(250, 18, 3, 'Shebel Bernta', 'East Gojam', 'Amhara'),
(251, 18, 3, 'Debre Markos town', 'East Gojam', 'Amhara'),
(252, 18, 3, 'Senan', 'East Gojam', 'Amhara'),
(253, 18, 3, 'Aneded', 'East Gojam', 'Amhara'),
(254, 18, 3, 'Amanuel town', 'East Gojam', 'Amhara'),
(255, 18, 3, 'Sedae', 'East Gojam', 'Amhara'),
(256, 18, 3, 'Gundwoin town', 'East Gojam', 'Amhara'),
(257, 18, 3, 'Debrework town', 'East Gojam', 'Amhara'),
(258, 18, 3, 'Lumame town', 'East Gojam', 'Amhara'),
(259, 18, 3, 'Merto Lemariyam town', 'East Gojam', 'Amhara'),
(260, 18, 3, 'Mota Town', 'East Gojam', 'Amhara'),
(261, 18, 3, 'Dejen town', 'East Gojam', 'Amhara'),
(262, 18, 3, 'Bechena Town', 'East Gojam', 'Amhara'),
(263, 19, 3, 'Semen Achefer', 'West Gojam', 'Amhara'),
(264, 19, 3, 'Bahirdar Zuria', 'West Gojam', 'Amhara'),
(265, 19, 3, 'Yilmana Densa', 'West Gojam', 'Amhara'),
(266, 19, 3, 'Mecha', 'West Gojam', 'Amhara'),
(267, 19, 3, 'Sekela', 'West Gojam', 'Amhara'),
(268, 19, 3, 'Quarit', 'West Gojam', 'Amhara'),
(269, 19, 3, 'Dega Damot', 'West Gojam', 'Amhara'),
(270, 19, 3, 'Dembecha', 'West Gojam', 'Amhara'),
(271, 19, 3, 'Jabi Tehnan', 'West Gojam', 'Amhara'),
(272, 19, 3, 'Bure (AM)', 'West Gojam', 'Amhara'),
(273, 19, 3, 'Wemberma', 'West Gojam', 'Amhara'),
(274, 19, 3, 'Bahir Dar town', 'West Gojam', 'Amhara'),
(275, 19, 3, 'Debub Achefer', 'West Gojam', 'Amhara'),
(276, 19, 3, 'Finote Selam town', 'West Gojam', 'Amhara'),
(277, 19, 3, 'Debub Mecha', 'West Gojam', 'Amhara'),
(278, 19, 3, 'Shendi town', 'West Gojam', 'Amhara'),
(279, 19, 3, 'Denbecha town', 'West Gojam', 'Amhara'),
(280, 19, 3, 'Gonje', 'West Gojam', 'Amhara'),
(281, 19, 3, 'Dure Bete', 'West Gojam', 'Amhara'),
(282, 19, 3, 'Jiga town', 'West Gojam', 'Amhara'),
(283, 19, 3, 'Merawi town', 'West Gojam', 'Amhara'),
(284, 19, 3, 'Bure town', 'West Gojam', 'Amhara'),
(285, 19, 3, 'Adete town', 'West Gojam', 'Amhara'),
(286, 20, 3, 'Zequala', 'Wag Hamra', 'Amhara'),
(287, 20, 3, 'Sekota', 'Wag Hamra', 'Amhara'),
(288, 20, 3, 'Dehana', 'Wag Hamra', 'Amhara'),
(289, 20, 3, 'Gaz Gibla', 'Wag Hamra', 'Amhara'),
(290, 20, 3, 'Abergele (AM)', 'Wag Hamra', 'Amhara'),
(291, 20, 3, 'Sahila', 'Wag Hamra', 'Amhara'),
(292, 20, 3, 'Sekota town', 'Wag Hamra', 'Amhara'),
(293, 20, 3, 'Tsagbeji', 'Wag Hamra', 'Amhara'),
(294, 20, 3, 'Amde Work town', 'Wag Hamra', 'Amhara'),
(295, 21, 3, 'Dangila', 'Awi', 'Amhara'),
(296, 21, 3, 'Banja', 'Awi', 'Amhara'),
(297, 21, 3, 'Ankasha', 'Awi', 'Amhara'),
(298, 21, 3, 'Guangua', 'Awi', 'Amhara'),
(299, 21, 3, 'Fagta Lakoma', 'Awi', 'Amhara'),
(300, 21, 3, 'Jawi', 'Awi', 'Amhara'),
(301, 21, 3, 'Guagusa Shikudad', 'Awi', 'Amhara'),
(302, 21, 3, 'Ayehu Guwagusa', 'Awi', 'Amhara'),
(303, 21, 3, 'Agew Gimija Bet', 'Awi', 'Amhara'),
(304, 21, 3, 'Adiss Kidame town', 'Awi', 'Amhara'),
(305, 21, 3, 'Tilili town', 'Awi', 'Amhara'),
(306, 21, 3, 'Fendika town', 'Awi', 'Amhara'),
(307, 21, 3, 'Injibara town', 'Awi', 'Amhara'),
(308, 21, 3, 'Zigem', 'Awi', 'Amhara'),
(309, 21, 3, 'Dangila town', 'Awi', 'Amhara'),
(310, 21, 3, 'Chagni town', 'Awi', 'Amhara'),
(311, 22, 3, 'Dewa Cheffa', 'Oromia', 'Amhara'),
(312, 22, 3, 'Bati', 'Oromia', 'Amhara'),
(313, 22, 3, 'Jilye Tumuga', 'Oromia', 'Amhara'),
(314, 22, 3, 'Artuma Fursi', 'Oromia', 'Amhara'),
(315, 22, 3, 'Dewa Harewa', 'Oromia', 'Amhara'),
(316, 22, 3, 'Kemisie town', 'Oromia', 'Amhara'),
(317, 22, 3, 'Chef Robit town', 'Oromia', 'Amhara'),
(318, 22, 3, 'Senbete town', 'Oromia', 'Amhara'),
(319, 22, 3, 'Bati Town', 'Oromia', 'Amhara'),
(320, 23, 3, 'Amba Giorgis town', 'Central Gondar', 'Amhara'),
(321, 23, 3, 'Shawra town', 'Central Gondar', 'Amhara'),
(322, 23, 3, 'Kolla Debba town', 'Central Gondar', 'Amhara'),
(323, 23, 3, 'Chilga 1', 'Central Gondar', 'Amhara'),
(324, 23, 3, 'Tegede', 'Central Gondar', 'Amhara'),
(325, 23, 3, 'Lay Armacho', 'Central Gondar', 'Amhara'),
(326, 23, 3, 'Wegera', 'Central Gondar', 'Amhara'),
(327, 23, 3, 'Gonder Zuria', 'Central Gondar', 'Amhara'),
(328, 23, 3, 'East Dembia', 'Central Gondar', 'Amhara'),
(329, 23, 3, 'Chilga 2', 'Central Gondar', 'Amhara'),
(330, 23, 3, 'Alefa', 'Central Gondar', 'Amhara'),
(331, 23, 3, 'West Belesa', 'Central Gondar', 'Amhara'),
(332, 23, 3, 'East Belesa', 'Central Gondar', 'Amhara'),
(333, 23, 3, 'Gondar town', 'Central Gondar', 'Amhara'),
(334, 23, 3, 'Masero Denb /Central Armacho', 'Central Gondar', 'Amhara'),
(335, 23, 3, 'Tach Armacho', 'Central Gondar', 'Amhara'),
(336, 23, 3, 'Takusa', 'Central Gondar', 'Amhara'),
(337, 23, 3, 'Kinfaz Begela', 'Central Gondar', 'Amhara'),
(338, 23, 3, 'West Dembiya', 'Central Gondar', 'Amhara'),
(339, 23, 3, 'Aykel town', 'Central Gondar', 'Amhara'),
(340, 24, 3, 'Adagn Ager Chaqo', 'West Gondar', 'Amhara'),
(341, 24, 3, 'Mirab Armacho', 'West Gondar', 'Amhara'),
(342, 24, 3, 'Metema', 'West Gondar', 'Amhara'),
(343, 24, 3, 'Quara', 'West Gondar', 'Amhara'),
(344, 24, 3, 'Midre Genet', 'West Gondar', 'Amhara'),
(345, 24, 3, 'Metema Yohanes town', 'West Gondar', 'Amhara'),
(346, 24, 3, 'Gendawuha town', 'West Gondar', 'Amhara'),
(347, 25, 9, 'Mana Sibu', 'West Wellega', 'Oromia'),
(348, 25, 9, 'Nejo', 'West Wellega', 'Oromia'),
(349, 25, 9, 'Gimbi', 'West Wellega', 'Oromia'),
(350, 25, 9, 'Lalo Asabi', 'West Wellega', 'Oromia'),
(351, 25, 9, 'Kiltu Kara', 'West Wellega', 'Oromia'),
(352, 25, 9, 'Boji Dirmeji', 'West Wellega', 'Oromia'),
(353, 25, 9, 'Ayira', 'West Wellega', 'Oromia'),
(354, 25, 9, 'Jarso (West Wellega)', 'West Wellega', 'Oromia'),
(355, 25, 9, 'Gudetu Kondole', 'West Wellega', 'Oromia'),
(356, 25, 9, 'Boji Chekorsa', 'West Wellega', 'Oromia'),
(357, 25, 9, 'Babo', 'West Wellega', 'Oromia'),
(358, 25, 9, 'Yubdo', 'West Wellega', 'Oromia'),
(359, 25, 9, 'Gaji', 'West Wellega', 'Oromia'),
(360, 25, 9, 'Haru', 'West Wellega', 'Oromia'),
(361, 25, 9, 'Nole Kaba', 'West Wellega', 'Oromia'),
(362, 25, 9, 'Begi', 'West Wellega', 'Oromia'),
(363, 25, 9, 'Homa', 'West Wellega', 'Oromia'),
(364, 25, 9, 'Sayo Nole', 'West Wellega', 'Oromia'),
(365, 25, 9, 'Guliso', 'West Wellega', 'Oromia'),
(366, 25, 9, 'Gimbi town', 'West Wellega', 'Oromia'),
(367, 25, 9, 'Leta Sibu', 'West Wellega', 'Oromia'),
(368, 25, 9, 'Mendi town', 'West Wellega', 'Oromia'),
(369, 25, 9, 'Nejo town', 'West Wellega', 'Oromia'),
(370, 26, 9, 'Limu (OR)', 'East Wellega', 'Oromia'),
(371, 26, 9, 'Ibantu', 'East Wellega', 'Oromia'),
(372, 26, 9, 'Gida Ayana', 'East Wellega', 'Oromia'),
(373, 26, 9, 'Haro Limu', 'East Wellega', 'Oromia'),
(374, 26, 9, 'Boneya Boshe', 'East Wellega', 'Oromia'),
(375, 26, 9, 'Wayu Tuka', 'East Wellega', 'Oromia'),
(376, 26, 9, 'Bila Seyo', 'East Wellega', 'Oromia'),
(377, 26, 9, 'Gobu Seyo', 'East Wellega', 'Oromia'),
(378, 26, 9, 'Sibu Sire', 'East Wellega', 'Oromia'),
(379, 26, 9, 'Diga', 'East Wellega', 'Oromia'),
(380, 26, 9, 'Sasiga', 'East Wellega', 'Oromia'),
(381, 26, 9, 'Leka Dulecha', 'East Wellega', 'Oromia'),
(382, 26, 9, 'Guto Gida', 'East Wellega', 'Oromia'),
(383, 26, 9, 'Jimma Arjo', 'East Wellega', 'Oromia'),
(384, 26, 9, 'Nunu Kumba', 'East Wellega', 'Oromia'),
(385, 26, 9, 'Wama Hagalo', 'East Wellega', 'Oromia'),
(386, 26, 9, 'Kiremu', 'East Wellega', 'Oromia'),
(387, 26, 9, 'Nekemte town', 'East Wellega', 'Oromia'),
(388, 27, 9, 'Darimu', 'Ilu Aba Bora', 'Oromia'),
(389, 27, 9, 'Alge Sachi', 'Ilu Aba Bora', 'Oromia'),
(390, 27, 9, 'Yayu', 'Ilu Aba Bora', 'Oromia'),
(391, 27, 9, 'Metu Zuria', 'Ilu Aba Bora', 'Oromia'),
(392, 27, 9, 'Ale', 'Ilu Aba Bora', 'Oromia'),
(393, 27, 9, 'Bure (OR)', 'Ilu Aba Bora', 'Oromia'),
(394, 27, 9, 'Sale Nono', 'Ilu Aba Bora', 'Oromia'),
(395, 27, 9, 'Becho (Ilu Aba Bora)', 'Ilu Aba Bora', 'Oromia'),
(396, 27, 9, 'Bilo Nopha', 'Ilu Aba Bora', 'Oromia'),
(397, 27, 9, 'Hurumu', 'Ilu Aba Bora', 'Oromia'),
(398, 27, 9, 'Didu', 'Ilu Aba Bora', 'Oromia'),
(399, 27, 9, 'Halu /Huka', 'Ilu Aba Bora', 'Oromia'),
(400, 27, 9, 'Metu town', 'Ilu Aba Bora', 'Oromia'),
(401, 27, 9, 'Dorani', 'Ilu Aba Bora', 'Oromia'),
(402, 28, 9, 'Limu Seka', 'Jimma', 'Oromia'),
(403, 28, 9, 'Limu Kosa', 'Jimma', 'Oromia'),
(404, 28, 9, 'Sekoru', 'Jimma', 'Oromia'),
(405, 28, 9, 'Tiro Afeta', 'Jimma', 'Oromia'),
(406, 28, 9, 'Kersa (Jimma)', 'Jimma', 'Oromia'),
(407, 28, 9, 'Mena (Jimma)', 'Jimma', 'Oromia'),
(408, 28, 9, 'Goma', 'Jimma', 'Oromia'),
(409, 28, 9, 'Gera', 'Jimma', 'Oromia'),
(410, 28, 9, 'Seka Chekorsa', 'Jimma', 'Oromia'),
(411, 28, 9, 'Dedo', 'Jimma', 'Oromia'),
(412, 28, 9, 'Omo Nada', 'Jimma', 'Oromia'),
(413, 28, 9, 'Sigmo', 'Jimma', 'Oromia'),
(414, 28, 9, 'Setema', 'Jimma', 'Oromia'),
(415, 28, 9, 'Shebe Sambo', 'Jimma', 'Oromia'),
(416, 28, 9, 'Chora (Jimma)', 'Jimma', 'Oromia'),
(417, 28, 9, 'Gumay', 'Jimma', 'Oromia'),
(418, 28, 9, 'Agaro town', 'Jimma', 'Oromia'),
(419, 28, 9, 'Jimma town', 'Jimma', 'Oromia'),
(420, 28, 9, 'Mancho', 'Jimma', 'Oromia'),
(421, 28, 9, 'Omo Beyam', 'Jimma', 'Oromia'),
(422, 28, 9, 'Botor Tolay', 'Jimma', 'Oromia'),
(423, 28, 9, 'Nono Benja', 'Jimma', 'Oromia'),
(424, 29, 9, 'Illu Galan', 'West Shewa', 'Oromia'),
(425, 29, 9, 'Ginde Beret', 'West Shewa', 'Oromia'),
(426, 29, 9, 'Jeldu', 'West Shewa', 'Oromia'),
(427, 29, 9, 'Ambo Zuria', 'West Shewa', 'Oromia'),
(428, 29, 9, 'Mida Kegn', 'West Shewa', 'Oromia'),
(429, 29, 9, 'Cheliya', 'West Shewa', 'Oromia'),
(430, 29, 9, 'Bako Tibe', 'West Shewa', 'Oromia'),
(431, 29, 9, 'Dano', 'West Shewa', 'Oromia'),
(432, 29, 9, 'Nono', 'West Shewa', 'Oromia'),
(433, 29, 9, 'Tikur Enchini', 'West Shewa', 'Oromia'),
(434, 29, 9, 'Dendi', 'West Shewa', 'Oromia'),
(435, 29, 9, 'Ejere /Addis Alem', 'West Shewa', 'Oromia'),
(436, 29, 9, 'Adda Berga', 'West Shewa', 'Oromia'),
(437, 29, 9, 'Meta Robi', 'West Shewa', 'Oromia'),
(438, 29, 9, 'Ambo town', 'West Shewa', 'Oromia'),
(439, 29, 9, 'Abuna Ginde Beret', 'West Shewa', 'Oromia'),
(440, 29, 9, 'Toke Kutaye', 'West Shewa', 'Oromia'),
(441, 29, 9, 'Jibat', 'West Shewa', 'Oromia'),
(442, 29, 9, 'Ifata', 'West Shewa', 'Oromia'),
(443, 29, 9, 'Ejersa Lafo', 'West Shewa', 'Oromia'),
(444, 29, 9, 'Cobi', 'West Shewa', 'Oromia'),
(445, 29, 9, 'Meta Walkite', 'West Shewa', 'Oromia'),
(446, 29, 9, 'Liban Jawi', 'West Shewa', 'Oromia'),
(447, 30, 9, 'Wara Jarso', 'North Shewa (OR)', 'Oromia'),
(448, 30, 9, 'Dera (OR)', 'North Shewa (OR)', 'Oromia'),
(449, 30, 9, 'Hidabu Abote', 'North Shewa (OR)', 'Oromia'),
(450, 30, 9, 'Kuyu', 'North Shewa (OR)', 'Oromia'),
(451, 30, 9, 'Degem', 'North Shewa (OR)', 'Oromia'),
(452, 30, 9, 'Gerar Jarso', 'North Shewa (OR)', 'Oromia'),
(453, 30, 9, 'Debre Libanos', 'North Shewa (OR)', 'Oromia'),
(454, 30, 9, 'Wuchale', 'North Shewa (OR)', 'Oromia'),
(455, 30, 9, 'Abichugna Gne\'a', 'North Shewa (OR)', 'Oromia'),
(456, 30, 9, 'Kimbibit', 'North Shewa (OR)', 'Oromia'),
(457, 30, 9, 'Fiche town', 'North Shewa (OR)', 'Oromia'),
(458, 30, 9, 'Yaya Gulele', 'North Shewa (OR)', 'Oromia'),
(459, 30, 9, 'Jida', 'North Shewa (OR)', 'Oromia'),
(460, 30, 9, 'Aleltu', 'North Shewa (OR)', 'Oromia'),
(461, 31, 9, 'Fentale', 'East Shewa', 'Oromia'),
(462, 31, 9, 'Boset', 'East Shewa', 'Oromia'),
(463, 31, 9, 'Adama', 'East Shewa', 'Oromia'),
(464, 31, 9, 'Lome (OR)', 'East Shewa', 'Oromia'),
(465, 31, 9, 'Gimbichu', 'East Shewa', 'Oromia'),
(466, 31, 9, 'Ada\'a', 'East Shewa', 'Oromia'),
(467, 31, 9, 'Dugda', 'East Shewa', 'Oromia'),
(468, 31, 9, 'Adama Tulu Jido Kombolcha', 'East Shewa', 'Oromia'),
(469, 31, 9, 'Bishoftu town', 'East Shewa', 'Oromia'),
(470, 31, 9, 'Bora (OR)', 'East Shewa', 'Oromia'),
(471, 31, 9, 'Liben Chukala', 'East Shewa', 'Oromia'),
(472, 31, 9, 'Adama town', 'East Shewa', 'Oromia'),
(473, 31, 9, 'Mojo Town', 'East Shewa', 'Oromia'),
(474, 31, 9, 'Metehara town', 'East Shewa', 'Oromia'),
(475, 32, 9, 'Merti', 'Arsi', 'Oromia'),
(476, 32, 9, 'Aseko', 'Arsi', 'Oromia'),
(477, 32, 9, 'Golocha', 'Arsi', 'Oromia'),
(478, 32, 9, 'Jeju', 'Arsi', 'Oromia'),
(479, 32, 9, 'Dodota', 'Arsi', 'Oromia'),
(480, 32, 9, 'Ziway Dugda', 'Arsi', 'Oromia'),
(481, 32, 9, 'Hitosa', 'Arsi', 'Oromia'),
(482, 32, 9, 'Sude', 'Arsi', 'Oromia'),
(483, 32, 9, 'Chole', 'Arsi', 'Oromia'),
(484, 32, 9, 'Amigna', 'Arsi', 'Oromia'),
(485, 32, 9, 'Seru', 'Arsi', 'Oromia'),
(486, 32, 9, 'Robe', 'Arsi', 'Oromia'),
(487, 32, 9, 'Tena', 'Arsi', 'Oromia'),
(488, 32, 9, 'Shirka', 'Arsi', 'Oromia'),
(489, 32, 9, 'Degeluna Tijo', 'Arsi', 'Oromia'),
(490, 32, 9, 'Tiyo', 'Arsi', 'Oromia'),
(491, 32, 9, 'Munessa', 'Arsi', 'Oromia'),
(492, 32, 9, 'Limu Bilbilo', 'Arsi', 'Oromia'),
(493, 32, 9, 'Guna', 'Arsi', 'Oromia'),
(494, 32, 9, 'Sire', 'Arsi', 'Oromia'),
(495, 32, 9, 'Lude Hitosa', 'Arsi', 'Oromia'),
(496, 32, 9, 'Diksis', 'Arsi', 'Oromia'),
(497, 32, 9, 'Bele Gesgar', 'Arsi', 'Oromia'),
(498, 32, 9, 'Inkolo Wabe', 'Arsi', 'Oromia'),
(499, 32, 9, 'Asela town', 'Arsi', 'Oromia'),
(500, 32, 9, 'Shanan Kolu', 'Arsi', 'Oromia'),
(501, 32, 9, 'Bekoji town', 'Arsi', 'Oromia'),
(502, 33, 9, 'Mieso', 'West Hararge', 'Oromia'),
(503, 33, 9, 'Doba', 'West Hararge', 'Oromia'),
(504, 33, 9, 'Tulo (OR)', 'West Hararge', 'Oromia'),
(505, 33, 9, 'Mesela', 'West Hararge', 'Oromia'),
(506, 33, 9, 'Chiro town', 'West Hararge', 'Oromia'),
(507, 33, 9, 'Anchar', 'West Hararge', 'Oromia'),
(508, 33, 9, 'Goba Koricha', 'West Hararge', 'Oromia'),
(509, 33, 9, 'Habro', 'West Hararge', 'Oromia'),
(510, 33, 9, 'Daro Lebu', 'West Hararge', 'Oromia'),
(511, 33, 9, 'Boke', 'West Hararge', 'Oromia'),
(512, 33, 9, 'Kuni /Oda Bultum', 'West Hararge', 'Oromia'),
(513, 33, 9, 'Gemechis', 'West Hararge', 'Oromia'),
(514, 33, 9, 'Chiro Zuria', 'West Hararge', 'Oromia'),
(515, 33, 9, 'Bedesa', 'West Hararge', 'Oromia'),
(516, 33, 9, 'Hawi Gudina', 'West Hararge', 'Oromia'),
(517, 33, 9, 'Gumbi Bordede', 'West Hararge', 'Oromia'),
(518, 33, 9, 'Burqua Dhintu', 'West Hararge', 'Oromia'),
(519, 34, 9, 'Babile town', 'East Hararge', 'Oromia'),
(520, 34, 9, 'Kombolcha', 'East Hararge', 'Oromia'),
(521, 34, 9, 'Jarso (East Hararghe)', 'East Hararge', 'Oromia'),
(522, 34, 9, 'Gursum (OR)', 'East Hararge', 'Oromia'),
(523, 34, 9, 'Babile (OR)', 'East Hararge', 'Oromia'),
(524, 34, 9, 'Fedis', 'East Hararge', 'Oromia'),
(525, 34, 9, 'Haro Maya', 'East Hararge', 'Oromia'),
(526, 34, 9, 'Kurfa Chele', 'East Hararge', 'Oromia'),
(527, 34, 9, 'Kersa (East Hararge)', 'East Hararge', 'Oromia'),
(528, 34, 9, 'Meta', 'East Hararge', 'Oromia'),
(529, 34, 9, 'Goro Gutu', 'East Hararge', 'Oromia'),
(530, 34, 9, 'Deder', 'East Hararge', 'Oromia'),
(531, 34, 9, 'Melka Balo', 'East Hararge', 'Oromia'),
(532, 34, 9, 'Bedeno', 'East Hararge', 'Oromia'),
(533, 34, 9, 'Midhaga Tola', 'East Hararge', 'Oromia'),
(534, 34, 9, 'Chinaksen', 'East Hararge', 'Oromia'),
(535, 34, 9, 'Girawa', 'East Hararge', 'Oromia'),
(536, 34, 9, 'Golo Oda', 'East Hararge', 'Oromia'),
(537, 34, 9, 'Meyu Muleke', 'East Hararge', 'Oromia'),
(538, 34, 9, 'Haromaya town', 'East Hararge', 'Oromia'),
(539, 34, 9, 'Goro Muti', 'East Hararge', 'Oromia'),
(540, 34, 9, 'Deder town', 'East Hararge', 'Oromia'),
(541, 34, 9, 'Kumbi', 'East Hararge', 'Oromia'),
(542, 34, 9, 'Aweday town', 'East Hararge', 'Oromia'),
(543, 35, 9, 'Agarfa', 'Bale', 'Oromia'),
(544, 35, 9, 'Gasera', 'Bale', 'Oromia'),
(545, 35, 9, 'Sinana', 'Bale', 'Oromia'),
(546, 35, 9, 'Goba (OR)', 'Bale', 'Oromia'),
(547, 35, 9, 'Harena Buluk', 'Bale', 'Oromia'),
(548, 35, 9, 'Mena (Bale)', 'Bale', 'Oromia'),
(549, 35, 9, 'Meda Welabu', 'Bale', 'Oromia'),
(550, 35, 9, 'Berbere', 'Bale', 'Oromia'),
(551, 35, 9, 'Gura Damole', 'Bale', 'Oromia'),
(552, 35, 9, 'Goro (Bale)', 'Bale', 'Oromia'),
(553, 35, 9, 'Robe Town', 'Bale', 'Oromia'),
(554, 35, 9, 'Goba town', 'Bale', 'Oromia'),
(555, 35, 9, 'Dinsho', 'Bale', 'Oromia'),
(556, 36, 9, 'Yabelo', 'Borena', 'Oromia'),
(557, 36, 9, 'Arero', 'Borena', 'Oromia'),
(558, 36, 9, 'Moyale (OR)', 'Borena', 'Oromia'),
(559, 36, 9, 'Dire', 'Borena', 'Oromia'),
(560, 36, 9, 'Teltale', 'Borena', 'Oromia'),
(561, 36, 9, 'Miyo', 'Borena', 'Oromia'),
(562, 36, 9, 'Dilo', 'Borena', 'Oromia'),
(563, 36, 9, 'Dhas', 'Borena', 'Oromia'),
(564, 36, 9, 'Gomole', 'Borena', 'Oromia'),
(565, 36, 9, 'Guchi', 'Borena', 'Oromia'),
(566, 36, 9, 'Dubluk', 'Borena', 'Oromia'),
(567, 36, 9, 'Elwaya', 'Borena', 'Oromia'),
(568, 36, 9, 'Yabelo town', 'Borena', 'Oromia'),
(569, 36, 9, 'Wachile', 'Borena', 'Oromia'),
(570, 37, 9, 'Ameya', 'South West Shewa', 'Oromia'),
(571, 37, 9, 'Wenchi', 'South West Shewa', 'Oromia'),
(572, 37, 9, 'Waliso', 'South West Shewa', 'Oromia'),
(573, 37, 9, 'Dawo', 'South West Shewa', 'Oromia'),
(574, 37, 9, 'Ilu', 'South West Shewa', 'Oromia'),
(575, 37, 9, 'Kersana Malima', 'South West Shewa', 'Oromia'),
(576, 37, 9, 'Tole', 'South West Shewa', 'Oromia'),
(577, 37, 9, 'Becho (SW Shewa)', 'South West Shewa', 'Oromia'),
(578, 37, 9, 'Seden Sodo', 'South West Shewa', 'Oromia'),
(579, 37, 9, 'Woliso town', 'South West Shewa', 'Oromia'),
(580, 37, 9, 'Goro (SW Shewa)', 'South West Shewa', 'Oromia'),
(581, 37, 9, 'Sodo Daci', 'South West Shewa', 'Oromia'),
(582, 38, 9, 'Uraga', 'Guji', 'Oromia'),
(583, 38, 9, 'Bore', 'Guji', 'Oromia'),
(584, 38, 9, 'Adola', 'Guji', 'Oromia'),
(585, 38, 9, 'Wadera', 'Guji', 'Oromia'),
(586, 38, 9, 'Odo Shakiso', 'Guji', 'Oromia'),
(587, 38, 9, 'Liben', 'Guji', 'Oromia'),
(588, 38, 9, 'Dama', 'Guji', 'Oromia'),
(589, 38, 9, 'Arda Jila', 'Guji', 'Oromia'),
(590, 38, 9, 'Girja /Harenfema', 'Guji', 'Oromia'),
(591, 38, 9, 'Ana Sora', 'Guji', 'Oromia'),
(592, 38, 9, 'Saba Boru', 'Guji', 'Oromia'),
(593, 38, 9, 'Gora Dola', 'Guji', 'Oromia'),
(594, 38, 9, 'Negele town', 'Guji', 'Oromia'),
(595, 38, 9, 'Aga Wayu', 'Guji', 'Oromia'),
(596, 38, 9, 'Haro Walabu', 'Guji', 'Oromia'),
(597, 38, 9, 'Adola town', 'Guji', 'Oromia'),
(598, 38, 9, 'Gumi Idalo', 'Guji', 'Oromia'),
(599, 38, 9, 'Shakiso town', 'Guji', 'Oromia'),
(600, 39, 9, 'Bule Hora', 'West Guji', 'Oromia'),
(601, 39, 9, 'Kercha', 'West Guji', 'Oromia'),
(602, 39, 9, 'Hambela Wamena', 'West Guji', 'Oromia'),
(603, 39, 9, 'Abaya', 'West Guji', 'Oromia'),
(604, 39, 9, 'Dugda Dawa', 'West Guji', 'Oromia'),
(605, 39, 9, 'Gelana (West Guji)', 'West Guji', 'Oromia'),
(606, 39, 9, 'Melka Soda', 'West Guji', 'Oromia'),
(607, 39, 9, 'Bule Hora town', 'West Guji', 'Oromia'),
(608, 39, 9, 'Suro Berguda', 'West Guji', 'Oromia'),
(609, 39, 9, 'Birbirsa Kojowa', 'West Guji', 'Oromia'),
(610, 40, 9, 'Chora (Buno Bedele)', 'Buno Bedele', 'Oromia'),
(611, 40, 9, 'Dega', 'Buno Bedele', 'Oromia'),
(612, 40, 9, 'Dabo Hana', 'Buno Bedele', 'Oromia'),
(613, 40, 9, 'Gechi', 'Buno Bedele', 'Oromia'),
(614, 40, 9, 'Borecha', 'Buno Bedele', 'Oromia'),
(615, 40, 9, 'Dedesa', 'Buno Bedele', 'Oromia'),
(616, 40, 9, 'Meko', 'Buno Bedele', 'Oromia'),
(617, 40, 9, 'Bedele town', 'Buno Bedele', 'Oromia'),
(618, 40, 9, 'Bedele Zuria', 'Buno Bedele', 'Oromia'),
(619, 40, 9, 'Chwaka', 'Buno Bedele', 'Oromia'),
(620, 41, 9, 'Dodola town', 'West Arsi', 'Oromia'),
(621, 41, 9, 'Siraro', 'West Arsi', 'Oromia'),
(622, 41, 9, 'Shala', 'West Arsi', 'Oromia'),
(623, 41, 9, 'Arsi Negele', 'West Arsi', 'Oromia'),
(624, 41, 9, 'Kofele', 'West Arsi', 'Oromia'),
(625, 41, 9, 'Kore', 'West Arsi', 'Oromia'),
(626, 41, 9, 'Gedeb Asasa', 'West Arsi', 'Oromia'),
(627, 41, 9, 'Dodola', 'West Arsi', 'Oromia'),
(628, 41, 9, 'Kokosa', 'West Arsi', 'Oromia'),
(629, 41, 9, 'Nenesebo', 'West Arsi', 'Oromia'),
(630, 41, 9, 'Adaba', 'West Arsi', 'Oromia'),
(631, 41, 9, 'Shashemene town', 'West Arsi', 'Oromia'),
(632, 41, 9, 'Shashemene Zuria', 'West Arsi', 'Oromia'),
(633, 41, 9, 'Heban Arsi', 'West Arsi', 'Oromia'),
(634, 41, 9, 'Wondo', 'West Arsi', 'Oromia'),
(635, 41, 9, 'Bishan Guracha', 'West Arsi', 'Oromia'),
(636, 41, 9, 'Arsi Negele town', 'West Arsi', 'Oromia'),
(637, 42, 9, 'Hawa Galan', 'Kelem Wellega', 'Oromia'),
(638, 42, 9, 'Yama Logi Welel', 'Kelem Wellega', 'Oromia'),
(639, 42, 9, 'Dale Wabera', 'Kelem Wellega', 'Oromia'),
(640, 42, 9, 'Gawo Kebe', 'Kelem Wellega', 'Oromia'),
(641, 42, 9, 'Sayo', 'Kelem Wellega', 'Oromia'),
(642, 42, 9, 'Denbi Dollo town', 'Kelem Wellega', 'Oromia'),
(643, 42, 9, 'Anfilo', 'Kelem Wellega', 'Oromia'),
(644, 42, 9, 'Dale Sadi', 'Kelem Wellega', 'Oromia'),
(645, 42, 9, 'Gidami', 'Kelem Wellega', 'Oromia'),
(646, 42, 9, 'Jimma Horo', 'Kelem Wellega', 'Oromia'),
(647, 42, 9, 'Lalo Kile', 'Kelem Wellega', 'Oromia'),
(648, 42, 9, 'Sedi Chenka', 'Kelem Wellega', 'Oromia'),
(649, 43, 9, 'Horo', 'Horo Gudru Wellega', 'Oromia'),
(650, 43, 9, 'Shambu town', 'Horo Gudru Wellega', 'Oromia'),
(651, 43, 9, 'Guduru', 'Horo Gudru Wellega', 'Oromia'),
(652, 43, 9, 'Ababo', 'Horo Gudru Wellega', 'Oromia'),
(653, 43, 9, 'Abay Chomen', 'Horo Gudru Wellega', 'Oromia'),
(654, 43, 9, 'Jimma Genete', 'Horo Gudru Wellega', 'Oromia'),
(655, 43, 9, 'Jimma Rare', 'Horo Gudru Wellega', 'Oromia'),
(656, 43, 9, 'Jarte Jardega', 'Horo Gudru Wellega', 'Oromia'),
(657, 43, 9, 'Amuru', 'Horo Gudru Wellega', 'Oromia'),
(658, 43, 9, 'Abe Dongoro', 'Horo Gudru Wellega', 'Oromia'),
(659, 43, 9, 'Choman Guduru', 'Horo Gudru Wellega', 'Oromia'),
(660, 43, 9, 'Horo Buluk', 'Horo Gudru Wellega', 'Oromia'),
(661, 44, 9, 'Burayu', 'Finfine Special', 'Oromia'),
(662, 44, 9, 'Lege Tafo-Lege Dadi town', 'Finfine Special', 'Oromia'),
(663, 44, 9, 'Sululta town', 'Finfine Special', 'Oromia'),
(664, 44, 9, 'Sebeta Hawas', 'Finfine Special', 'Oromia'),
(665, 44, 9, 'Dukem', 'Finfine Special', 'Oromia'),
(666, 44, 9, 'Sebeta town', 'Finfine Special', 'Oromia'),
(667, 44, 9, 'Bereh', 'Finfine Special', 'Oromia'),
(668, 44, 9, 'Akaki', 'Finfine Special', 'Oromia'),
(669, 44, 9, 'Sululta', 'Finfine Special', 'Oromia'),
(670, 44, 9, 'Welmera', 'Finfine Special', 'Oromia'),
(671, 44, 9, 'Mulo', 'Finfine Special', 'Oromia'),
(672, 44, 9, 'Sendafa town', 'Finfine Special', 'Oromia'),
(673, 44, 9, 'Holeta town', 'Finfine Special', 'Oromia'),
(674, 44, 9, 'Gelana (Finfine)', 'Finfine Special', 'Oromia'),
(675, 45, 9, 'Gololcha Bale', 'East Bale', 'Oromia'),
(676, 45, 9, 'Lege Hida', 'East Bale', 'Oromia'),
(677, 45, 9, 'Ginir', 'East Bale', 'Oromia'),
(678, 45, 9, 'Rayitu', 'East Bale', 'Oromia'),
(679, 45, 9, 'Seweyna', 'East Bale', 'Oromia'),
(680, 45, 9, 'Dawe Ketchen', 'East Bale', 'Oromia'),
(681, 45, 9, 'Ginir town', 'East Bale', 'Oromia'),
(682, 46, 12, 'Ayisha', 'Siti', 'Somali'),
(683, 46, 12, 'Dembel', 'Siti', 'Somali'),
(684, 46, 12, 'Shinile', 'Siti', 'Somali'),
(685, 46, 12, 'Erer (SM)', 'Siti', 'Somali'),
(686, 46, 12, 'Afdem', 'Siti', 'Somali'),
(687, 46, 12, 'Hadhagala', 'Siti', 'Somali'),
(688, 46, 12, 'Miesso', 'Siti', 'Somali'),
(689, 46, 12, 'Gota-Biki', 'Siti', 'Somali'),
(690, 46, 12, 'Gablalu', 'Siti', 'Somali'),
(691, 47, 12, 'Gursum (SM)', 'Fafan', 'Somali'),
(692, 47, 12, 'Babile (SM)', 'Fafan', 'Somali'),
(693, 47, 12, 'Shabeeley', 'Fafan', 'Somali'),
(694, 47, 12, 'Aw-Bare', 'Fafan', 'Somali'),
(695, 47, 12, 'Kebribeyah', 'Fafan', 'Somali'),
(696, 47, 12, 'Harshin', 'Fafan', 'Somali'),
(697, 47, 12, 'Tuliguled', 'Fafan', 'Somali'),
(698, 47, 12, 'Goljano', 'Fafan', 'Somali'),
(699, 47, 12, 'Jigjiga town', 'Fafan', 'Somali'),
(700, 47, 12, 'Wajale town', 'Fafan', 'Somali'),
(701, 47, 12, 'Kebribayah town', 'Fafan', 'Somali'),
(702, 47, 12, 'Koran /Mulla', 'Fafan', 'Somali'),
(703, 47, 12, 'Haroreys', 'Fafan', 'Somali'),
(704, 47, 12, 'Harawo', 'Fafan', 'Somali'),
(705, 48, 12, 'Degehamedo', 'Jarar', 'Somali'),
(706, 48, 12, 'Degehabur', 'Jarar', 'Somali'),
(707, 48, 12, 'Aware', 'Jarar', 'Somali'),
(708, 48, 12, 'Gashamo', 'Jarar', 'Somali'),
(709, 48, 12, 'Gunagado', 'Jarar', 'Somali'),
(710, 48, 12, 'Bilcil-Bur', 'Jarar', 'Somali'),
(711, 48, 12, 'Degahabur town', 'Jarar', 'Somali'),
(712, 48, 12, 'Yocale', 'Jarar', 'Somali'),
(713, 48, 12, 'Daror', 'Jarar', 'Somali'),
(714, 48, 12, 'Burqod', 'Jarar', 'Somali'),
(715, 48, 12, 'Ararso', 'Jarar', 'Somali'),
(716, 48, 12, 'Dig', 'Jarar', 'Somali'),
(717, 49, 12, 'Fik', 'Erer', 'Somali'),
(718, 49, 12, 'Salahad', 'Erer', 'Somali'),
(719, 49, 12, 'Hamero', 'Erer', 'Somali'),
(720, 49, 12, 'Lagahida', 'Erer', 'Somali'),
(721, 49, 12, 'Meyumuluka', 'Erer', 'Somali'),
(722, 49, 12, 'Qubi', 'Erer', 'Somali'),
(723, 49, 12, 'Yahob', 'Erer', 'Somali'),
(724, 49, 12, 'Wangey', 'Erer', 'Somali'),
(725, 50, 12, 'Shaygosh', 'Korahe', 'Somali'),
(726, 50, 12, 'Kebridehar', 'Korahe', 'Somali'),
(727, 50, 12, 'Shilabo', 'Korahe', 'Somali'),
(728, 50, 12, 'Debeweyin', 'Korahe', 'Somali'),
(729, 50, 12, 'Marsin', 'Korahe', 'Somali'),
(730, 50, 12, 'Kebridehar town', 'Korahe', 'Somali'),
(731, 50, 12, 'Goglo', 'Korahe', 'Somali'),
(732, 50, 12, 'Lasdhankayre', 'Korahe', 'Somali'),
(733, 50, 12, 'Higloley', 'Korahe', 'Somali'),
(734, 50, 12, 'El-Ogaden', 'Korahe', 'Somali'),
(735, 50, 12, 'Bodaley', 'Korahe', 'Somali'),
(736, 51, 12, 'East Imi', 'Shabelle', 'Somali'),
(737, 51, 12, 'Adadle', 'Shabelle', 'Somali'),
(738, 51, 12, 'Danan', 'Shabelle', 'Somali'),
(739, 51, 12, 'Gode', 'Shabelle', 'Somali'),
(740, 51, 12, 'Kelafo', 'Shabelle', 'Somali'),
(741, 51, 12, 'Mustahil', 'Shabelle', 'Somali'),
(742, 51, 12, 'Ferfer', 'Shabelle', 'Somali'),
(743, 51, 12, 'Berocano', 'Shabelle', 'Somali'),
(744, 51, 12, 'Godey town', 'Shabelle', 'Somali'),
(745, 51, 12, 'Elale', 'Shabelle', 'Somali'),
(746, 51, 12, 'Aba-Korow', 'Shabelle', 'Somali'),
(747, 52, 12, 'Danod', 'Doolo', 'Somali'),
(748, 52, 12, 'Bokh', 'Doolo', 'Somali'),
(749, 52, 12, 'Galadi', 'Doolo', 'Somali'),
(750, 52, 12, 'Warder', 'Doolo', 'Somali'),
(751, 52, 12, 'Daratole', 'Doolo', 'Somali'),
(752, 52, 12, 'Lehel-Yucub', 'Doolo', 'Somali'),
(753, 52, 12, 'Galhamur', 'Doolo', 'Somali'),
(754, 53, 12, 'Charati', 'Afder', 'Somali'),
(755, 53, 12, 'Elkare /Serer', 'Afder', 'Somali'),
(756, 53, 12, 'West Imi', 'Afder', 'Somali'),
(757, 53, 12, 'Hargele', 'Afder', 'Somali'),
(758, 53, 12, 'Barey', 'Afder', 'Somali'),
(759, 53, 12, 'Dolobay', 'Afder', 'Somali'),
(760, 53, 12, 'Raso', 'Afder', 'Somali'),
(761, 53, 12, 'Kohle /Qoxle', 'Afder', 'Somali'),
(762, 53, 12, 'God-God', 'Afder', 'Somali'),
(763, 54, 12, 'Filtu', 'Liban', 'Somali'),
(764, 54, 12, 'Dolo Ado', 'Liban', 'Somali'),
(765, 54, 12, 'Goro Baqaqsa', 'Liban', 'Somali'),
(766, 54, 12, 'Guradamole', 'Liban', 'Somali'),
(767, 54, 12, 'Deka Suftu', 'Liban', 'Somali'),
(768, 54, 12, 'Bokolmayo', 'Liban', 'Somali'),
(769, 55, 12, 'Ayun', 'Nogob', 'Somali'),
(770, 55, 12, 'Elwayne', 'Nogob', 'Somali'),
(771, 55, 12, 'Garbo', 'Nogob', 'Somali'),
(772, 55, 12, 'Sagag', 'Nogob', 'Somali'),
(773, 55, 12, 'Dihun', 'Nogob', 'Somali'),
(774, 55, 12, 'Horshagah', 'Nogob', 'Somali'),
(775, 55, 12, 'Hararey', 'Nogob', 'Somali'),
(776, 56, 12, 'Moyale (SM)', 'Daawa', 'Somali'),
(777, 56, 12, 'Hudet', 'Daawa', 'Somali'),
(778, 56, 12, 'Mubarek', 'Daawa', 'Somali'),
(779, 56, 12, 'Qada Duma', 'Daawa', 'Somali'),
(780, 57, 4, 'Gilgel Beles town', 'Metekel', 'Benishangul Gumz'),
(781, 57, 4, 'Dangur', 'Metekel', 'Benishangul Gumz'),
(782, 57, 4, 'Guba', 'Metekel', 'Benishangul Gumz'),
(783, 57, 4, 'Wembera', 'Metekel', 'Benishangul Gumz'),
(784, 57, 4, 'Mandura', 'Metekel', 'Benishangul Gumz'),
(785, 57, 4, 'Dibate', 'Metekel', 'Benishangul Gumz'),
(786, 57, 4, 'Pawe', 'Metekel', 'Benishangul Gumz'),
(787, 57, 4, 'Bulen', 'Metekel', 'Benishangul Gumz'),
(788, 58, 4, 'Menge', 'Assosa', 'Benishangul Gumz'),
(789, 58, 4, 'Kurmuk', 'Assosa', 'Benishangul Gumz'),
(790, 58, 4, 'Assosa', 'Assosa', 'Benishangul Gumz'),
(791, 58, 4, 'Sherkole', 'Assosa', 'Benishangul Gumz'),
(792, 58, 4, 'Bambasi', 'Assosa', 'Benishangul Gumz'),
(793, 58, 4, 'Bilidigilu', 'Assosa', 'Benishangul Gumz'),
(794, 58, 4, 'Homosha', 'Assosa', 'Benishangul Gumz'),
(795, 58, 4, 'Undulu', 'Assosa', 'Benishangul Gumz'),
(796, 58, 4, 'Assosa town Administration', 'Assosa', 'Benishangul Gumz'),
(797, 59, 4, 'Kamashi town', 'Kamashi', 'Benishangul Gumz'),
(798, 59, 4, 'Zayi', 'Kamashi', 'Benishangul Gumz'),
(799, 59, 4, 'Sedal', 'Kamashi', 'Benishangul Gumz'),
(800, 59, 4, 'Kamashi', 'Kamashi', 'Benishangul Gumz'),
(801, 59, 4, 'Dembe', 'Kamashi', 'Benishangul Gumz'),
(802, 59, 4, 'Mizyiga', 'Kamashi', 'Benishangul Gumz'),
(803, 60, 4, 'Maokomo Special', 'Mao Komo Special', 'Benishangul Gumz'),
(804, 61, 5, 'Kebena', 'Guraghe', 'Central Ethiopia'),
(805, 61, 5, 'Abeshege', 'Guraghe', 'Central Ethiopia'),
(806, 61, 5, 'Ezha', 'Guraghe', 'Central Ethiopia'),
(807, 61, 5, 'Gedebano Gutazer Welene', 'Guraghe', 'Central Ethiopia'),
(808, 61, 5, 'Sodo', 'Guraghe', 'Central Ethiopia'),
(809, 61, 5, 'Meskan', 'Guraghe', 'Central Ethiopia'),
(810, 61, 5, 'Mareko', 'Guraghe', 'Central Ethiopia'),
(811, 61, 5, 'Endiguagn', 'Guraghe', 'Central Ethiopia'),
(812, 61, 5, 'Gumer', 'Guraghe', 'Central Ethiopia'),
(813, 61, 5, 'Cheha', 'Guraghe', 'Central Ethiopia'),
(814, 61, 5, 'Enemor Ener', 'Guraghe', 'Central Ethiopia'),
(815, 61, 5, 'Muhur Na Aklil', 'Guraghe', 'Central Ethiopia'),
(816, 61, 5, 'Geta', 'Guraghe', 'Central Ethiopia'),
(817, 61, 5, 'Welkite town', 'Guraghe', 'Central Ethiopia'),
(818, 61, 5, 'Butajira town', 'Guraghe', 'Central Ethiopia'),
(819, 61, 5, 'Emdebir town', 'Guraghe', 'Central Ethiopia'),
(820, 61, 5, 'Bui town', 'Guraghe', 'Central Ethiopia'),
(821, 61, 5, 'Misrak Meskan', 'Guraghe', 'Central Ethiopia'),
(822, 61, 5, 'Debub Sodo', 'Guraghe', 'Central Ethiopia'),
(823, 61, 5, 'Enor Ener', 'Guraghe', 'Central Ethiopia'),
(824, 62, 5, 'Misha', 'Hadiya', 'Central Ethiopia'),
(825, 62, 5, 'Gombora', 'Hadiya', 'Central Ethiopia'),
(826, 62, 5, 'Lemmo', 'Hadiya', 'Central Ethiopia'),
(827, 62, 5, 'Shashogo', 'Hadiya', 'Central Ethiopia'),
(828, 62, 5, 'Misrak Badawacho', 'Hadiya', 'Central Ethiopia'),
(829, 62, 5, 'Soro', 'Hadiya', 'Central Ethiopia'),
(830, 62, 5, 'Duna', 'Hadiya', 'Central Ethiopia'),
(831, 62, 5, 'Analemmo', 'Hadiya', 'Central Ethiopia'),
(832, 62, 5, 'Mirab Badowach', 'Hadiya', 'Central Ethiopia'),
(833, 62, 5, 'Gibe', 'Hadiya', 'Central Ethiopia'),
(834, 62, 5, 'Hosaena town', 'Hadiya', 'Central Ethiopia'),
(835, 62, 5, 'Shone Town', 'Hadiya', 'Central Ethiopia'),
(836, 62, 5, 'Gimbichu town', 'Hadiya', 'Central Ethiopia'),
(837, 62, 5, 'Jajura town', 'Hadiya', 'Central Ethiopia'),
(838, 62, 5, 'Ameka', 'Hadiya', 'Central Ethiopia'),
(839, 62, 5, 'Siraro Badawacho', 'Hadiya', 'Central Ethiopia'),
(840, 62, 5, 'Mirab Soro', 'Hadiya', 'Central Ethiopia'),
(841, 63, 5, 'Tembaro', 'Kembata Tembaro', 'Central Ethiopia'),
(842, 63, 5, 'Angacha', 'Kembata Tembaro', 'Central Ethiopia'),
(843, 63, 5, 'Kediada Gambela', 'Kembata Tembaro', 'Central Ethiopia'),
(844, 63, 5, 'Kacha Bira', 'Kembata Tembaro', 'Central Ethiopia'),
(845, 63, 5, 'Hadero Tunto', 'Kembata Tembaro', 'Central Ethiopia'),
(846, 63, 5, 'Doyogena', 'Kembata Tembaro', 'Central Ethiopia'),
(847, 63, 5, 'Damboya', 'Kembata Tembaro', 'Central Ethiopia'),
(848, 63, 5, 'Durame town', 'Kembata Tembaro', 'Central Ethiopia'),
(849, 63, 5, 'Adilo', 'Kembata Tembaro', 'Central Ethiopia'),
(850, 63, 5, 'Shinshincho town', 'Kembata Tembaro', 'Central Ethiopia'),
(851, 63, 5, 'Hadero town', 'Kembata Tembaro', 'Central Ethiopia'),
(852, 64, 11, 'Wenago', 'Gedeo', 'South Ethiopia Region'),
(853, 64, 11, 'Yirgachefe', 'Gedeo', 'South Ethiopia Region'),
(854, 64, 11, 'Kochere', 'Gedeo', 'South Ethiopia Region'),
(855, 64, 11, 'Bule', 'Gedeo', 'South Ethiopia Region'),
(856, 64, 11, 'Dila Zuria', 'Gedeo', 'South Ethiopia Region'),
(857, 64, 11, 'Gedeb', 'Gedeo', 'South Ethiopia Region'),
(858, 64, 11, 'Dila town', 'Gedeo', 'South Ethiopia Region'),
(859, 64, 11, 'Chelelektu town', 'Gedeo', 'South Ethiopia Region'),
(860, 64, 11, 'Rape', 'Gedeo', 'South Ethiopia Region'),
(861, 64, 11, 'Churso', 'Gedeo', 'South Ethiopia Region'),
(862, 64, 11, 'Gedeb town', 'Gedeo', 'South Ethiopia Region'),
(863, 64, 11, 'Yirgachefe town', 'Gedeo', 'South Ethiopia Region'),
(864, 65, 11, 'Boloso Sore', 'Wolayita', 'South Ethiopia Region'),
(865, 65, 11, 'Damot Gale', 'Wolayita', 'South Ethiopia Region'),
(866, 65, 11, 'Damot Woide', 'Wolayita', 'South Ethiopia Region'),
(867, 65, 11, 'Humbo', 'Wolayita', 'South Ethiopia Region'),
(868, 65, 11, 'Sodo Zuria', 'Wolayita', 'South Ethiopia Region'),
(869, 65, 11, 'Kindo Koyesha', 'Wolayita', 'South Ethiopia Region'),
(870, 65, 11, 'Ofa', 'Wolayita', 'South Ethiopia Region'),
(871, 65, 11, 'Boloso Bombe', 'Wolayita', 'South Ethiopia Region'),
(872, 65, 11, 'Damot Sore', 'Wolayita', 'South Ethiopia Region'),
(873, 65, 11, 'Kindo Daddaye', 'Wolayita', 'South Ethiopia Region'),
(874, 65, 11, 'Damot Pullasa', 'Wolayita', 'South Ethiopia Region'),
(875, 65, 11, 'Duguna Fango', 'Wolayita', 'South Ethiopia Region'),
(876, 65, 11, 'Sodo Town', 'Wolayita', 'South Ethiopia Region'),
(877, 65, 11, 'Areka town', 'Wolayita', 'South Ethiopia Region'),
(878, 65, 11, 'Boditi town', 'Wolayita', 'South Ethiopia Region'),
(879, 65, 11, 'Tebela town', 'Wolayita', 'South Ethiopia Region'),
(880, 65, 11, 'Gesuba town', 'Wolayita', 'South Ethiopia Region'),
(881, 65, 11, 'Gununo Hamus town', 'Wolayita', 'South Ethiopia Region'),
(882, 65, 11, 'Hobicha Abaya', 'Wolayita', 'South Ethiopia Region'),
(883, 65, 11, 'Kawo Koisha', 'Wolayita', 'South Ethiopia Region'),
(884, 65, 11, 'Abela Abaya', 'Wolayita', 'South Ethiopia Region'),
(885, 65, 11, 'Bayera Koisha', 'Wolayita', 'South Ethiopia Region'),
(886, 66, 11, 'Salamago', 'South Omo', 'South Ethiopia Region'),
(887, 66, 11, 'South Ari', 'South Omo', 'South Ethiopia Region'),
(888, 66, 11, 'North Ari', 'South Omo', 'South Ethiopia Region'),
(889, 66, 11, 'Hamer', 'South Omo', 'South Ethiopia Region'),
(890, 66, 11, 'Bena Tsemay', 'South Omo', 'South Ethiopia Region'),
(891, 66, 11, 'Dasenech /Kuraz', 'South Omo', 'South Ethiopia Region'),
(892, 66, 11, 'Malie', 'South Omo', 'South Ethiopia Region'),
(893, 66, 11, 'Nyngatom', 'South Omo', 'South Ethiopia Region'),
(894, 66, 11, 'Jinka town', 'South Omo', 'South Ethiopia Region'),
(895, 66, 11, 'Boko Dawula', 'South Omo', 'South Ethiopia Region'),
(896, 66, 11, 'Wub Ari', 'South Omo', 'South Ethiopia Region'),
(897, 67, 11, 'Selamber town', 'Gamo', 'South Ethiopia Region'),
(898, 67, 11, 'Boreda', 'Gamo', 'South Ethiopia Region'),
(899, 67, 11, 'Mirab Abaya', 'Gamo', 'South Ethiopia Region'),
(900, 67, 11, 'Chencha Zuriya', 'Gamo', 'South Ethiopia Region'),
(901, 67, 11, 'Ezo /Kogota', 'Gamo', 'South Ethiopia Region'),
(902, 67, 11, 'Dita', 'Gamo', 'South Ethiopia Region'),
(903, 67, 11, 'Daramalo', 'Gamo', 'South Ethiopia Region'),
(904, 67, 11, 'Chencha', 'Gamo', 'South Ethiopia Region'),
(905, 67, 11, 'Kemba', 'Gamo', 'South Ethiopia Region'),
(906, 67, 11, 'Kemba town', 'Gamo', 'South Ethiopia Region'),
(907, 67, 11, 'Gerese', 'Gamo', 'South Ethiopia Region'),
(908, 67, 11, 'Bonke', 'Gamo', 'South Ethiopia Region'),
(909, 67, 11, 'Arba Minch Zuria', 'Gamo', 'South Ethiopia Region'),
(910, 67, 11, 'Gacho Baba', 'Gamo', 'South Ethiopia Region'),
(911, 67, 11, 'Kucha Alpha', 'Gamo', 'South Ethiopia Region'),
(912, 67, 11, 'Garda Marta', 'Gamo', 'South Ethiopia Region'),
(913, 67, 11, 'Kucha', 'Gamo', 'South Ethiopia Region'),
(914, 67, 11, 'Arba Minch town', 'Gamo', 'South Ethiopia Region'),
(915, 68, 11, 'Alle Special', 'Alle', 'South Ethiopia Region'),
(916, 69, 11, 'Karat town', 'Konso', 'South Ethiopia Region'),
(917, 69, 11, 'Segen Zuria', 'Konso', 'South Ethiopia Region'),
(918, 69, 11, 'Karat Zuria', 'Konso', 'South Ethiopia Region'),
(919, 69, 11, 'Kena', 'Konso', 'South Ethiopia Region'),
(920, 70, 11, 'Kulito town', 'Halaba', 'South Ethiopia Region'),
(921, 70, 11, 'Wera', 'Halaba', 'South Ethiopia Region'),
(922, 70, 11, 'Atote Ulo', 'Halaba', 'South Ethiopia Region'),
(923, 70, 11, 'Wera Djo', 'Halaba', 'South Ethiopia Region'),
(924, 71, 11, 'Melekoza', 'Gofa', 'South Ethiopia Region'),
(925, 71, 11, 'Denba Gofa', 'Gofa', 'South Ethiopia Region'),
(926, 71, 11, 'Zala', 'Gofa', 'South Ethiopia Region'),
(927, 71, 11, 'Uba Debre Tsehay', 'Gofa', 'South Ethiopia Region'),
(928, 71, 11, 'Gezei Gofa', 'Gofa', 'South Ethiopia Region'),
(929, 71, 11, 'O\'yida', 'Gofa', 'South Ethiopia Region'),
(930, 71, 11, 'Sawla town', 'Gofa', 'South Ethiopia Region'),
(931, 71, 11, 'Bulike town', 'Gofa', 'South Ethiopia Region'),
(932, 71, 11, 'Melo Gada', 'Gofa', 'South Ethiopia Region'),
(933, 72, 11, 'Basketo SP Woreda', 'Basketo', 'South Ethiopia Region'),
(934, 73, 5, 'Alicho Woriro', 'Siltie', 'Central Ethiopia'),
(935, 73, 5, 'Siltie', 'Siltie', 'Central Ethiopia'),
(936, 73, 5, 'Lanfero', 'Siltie', 'Central Ethiopia'),
(937, 73, 5, 'Mierab Azenet Berbere', 'Siltie', 'Central Ethiopia'),
(938, 73, 5, 'Dalocha', 'Siltie', 'Central Ethiopia'),
(939, 73, 5, 'Sankura', 'Siltie', 'Central Ethiopia'),
(940, 73, 5, 'Misrak Azenet Berbere', 'Siltie', 'Central Ethiopia'),
(941, 73, 5, 'Wulbareg', 'Siltie', 'Central Ethiopia'),
(942, 73, 5, 'Tora town', 'Siltie', 'Central Ethiopia'),
(943, 73, 5, 'Worabe town', 'Siltie', 'Central Ethiopia'),
(944, 73, 5, 'Kibet town', 'Siltie', 'Central Ethiopia'),
(945, 73, 5, 'Mito', 'Siltie', 'Central Ethiopia'),
(946, 73, 5, 'Misrak Siltie', 'Siltie', 'Central Ethiopia'),
(947, 74, 11, 'Amaro', 'Amaro', 'South Ethiopia Region'),
(948, 75, 11, 'Burji Special', 'Burji', 'South Ethiopia Region'),
(949, 76, 11, 'Derashe Special', 'Derashe', 'South Ethiopia Region'),
(950, 77, 5, 'Yem SP Woreda', 'Yem Special', 'Central Ethiopia'),
(951, 78, 13, 'Anderacha', 'Sheka', 'South West Ethiopia'),
(952, 78, 13, 'Masha', 'Sheka', 'South West Ethiopia'),
(953, 78, 13, 'Yeki', 'Sheka', 'South West Ethiopia'),
(954, 78, 13, 'Tepi', 'Sheka', 'South West Ethiopia'),
(955, 78, 13, 'Masha town', 'Sheka', 'South West Ethiopia'),
(956, 79, 13, 'Saylem', 'Kefa', 'South West Ethiopia'),
(957, 79, 13, 'Gesha', 'Kefa', 'South West Ethiopia'),
(958, 79, 13, 'Gewata', 'Kefa', 'South West Ethiopia'),
(959, 79, 13, 'Gimbo', 'Kefa', 'South West Ethiopia'),
(960, 79, 13, 'Adiyio', 'Kefa', 'South West Ethiopia'),
(961, 79, 13, 'Tullo', 'Kefa', 'South West Ethiopia'),
(962, 79, 13, 'Cheta', 'Kefa', 'South West Ethiopia'),
(963, 79, 13, 'Decha', 'Kefa', 'South West Ethiopia'),
(964, 79, 13, 'Chena', 'Kefa', 'South West Ethiopia'),
(965, 79, 13, 'Bita', 'Kefa', 'South West Ethiopia'),
(966, 79, 13, 'Bonga town', 'Kefa', 'South West Ethiopia'),
(967, 79, 13, 'Goba (SP)', 'Kefa', 'South West Ethiopia'),
(968, 79, 13, 'Shisho Ande', 'Kefa', 'South West Ethiopia'),
(969, 79, 13, 'Wacha', 'Kefa', 'South West Ethiopia'),
(970, 80, 13, 'Sheko', 'Bench Sheko', 'South West Ethiopia'),
(971, 80, 13, 'Gurafereda', 'Bench Sheko', 'South West Ethiopia'),
(972, 80, 13, 'Debub Bench', 'Bench Sheko', 'South West Ethiopia'),
(973, 80, 13, 'Shay Bench', 'Bench Sheko', 'South West Ethiopia'),
(974, 80, 13, 'Semen Bench', 'Bench Sheko', 'South West Ethiopia'),
(975, 80, 13, 'Gidi Bench', 'Bench Sheko', 'South West Ethiopia'),
(976, 80, 13, 'Mizan Aman town', 'Bench Sheko', 'South West Ethiopia'),
(977, 80, 13, 'Size town', 'Bench Sheko', 'South West Ethiopia'),
(978, 81, 13, 'Tocha', 'Dawuro', 'South West Ethiopia'),
(979, 81, 13, 'Mareka', 'Dawuro', 'South West Ethiopia'),
(980, 81, 13, 'Loma', 'Dawuro', 'South West Ethiopia'),
(981, 81, 13, 'Gena', 'Dawuro', 'South West Ethiopia'),
(982, 81, 13, 'Isara', 'Dawuro', 'South West Ethiopia'),
(983, 81, 13, 'Kachi', 'Dawuro', 'South West Ethiopia');
INSERT INTO `town` (`townId`, `zoneId`, `regionId`, `townName`, `zoneName`, `regionName`) VALUES
(984, 81, 13, 'Tercha Zuriya', 'Dawuro', 'South West Ethiopia'),
(985, 81, 13, 'Mari Mansa', 'Dawuro', 'South West Ethiopia'),
(986, 81, 13, 'Disa', 'Dawuro', 'South West Ethiopia'),
(987, 81, 13, 'Zabagazo', 'Dawuro', 'South West Ethiopia'),
(988, 81, 13, 'Tercha town', 'Dawuro', 'South West Ethiopia'),
(989, 81, 13, 'Gesa town', 'Dawuro', 'South West Ethiopia'),
(990, 82, 13, 'Gachit', 'Mirab Omo', 'South West Ethiopia'),
(991, 82, 13, 'Menit Goldiye', 'Mirab Omo', 'South West Ethiopia'),
(992, 82, 13, 'Gori Gesha', 'Mirab Omo', 'South West Ethiopia'),
(993, 82, 13, 'Menit Shasha', 'Mirab Omo', 'South West Ethiopia'),
(994, 82, 13, 'Bero', 'Mirab Omo', 'South West Ethiopia'),
(995, 82, 13, 'Surma', 'Mirab Omo', 'South West Ethiopia'),
(996, 82, 13, 'Maji', 'Mirab Omo', 'South West Ethiopia'),
(997, 83, 13, 'Konta', 'Konta Special', 'South West Ethiopia'),
(998, 84, 7, 'Akobo', 'Nuwer', 'Gambela'),
(999, 84, 7, 'Lare', 'Nuwer', 'Gambela'),
(1000, 84, 7, 'Jikawo', 'Nuwer', 'Gambela'),
(1001, 84, 7, 'Wantawo', 'Nuwer', 'Gambela'),
(1002, 84, 7, 'Makuey', 'Nuwer', 'Gambela'),
(1003, 85, 7, 'Gambela National Park', 'Agnewak', 'Gambela'),
(1004, 85, 7, 'Abobo', 'Agnewak', 'Gambela'),
(1005, 85, 7, 'Gambela Zuria', 'Agnewak', 'Gambela'),
(1006, 85, 7, 'Gog', 'Agnewak', 'Gambela'),
(1007, 85, 7, 'Jore', 'Agnewak', 'Gambela'),
(1008, 85, 7, 'Dima (GM)', 'Agnewak', 'Gambela'),
(1009, 85, 7, 'Gambela town', 'Agnewak', 'Gambela'),
(1010, 86, 7, 'Godere', 'Majang', 'Gambela'),
(1011, 87, 7, 'Mengesh', 'Majang', 'Gambela'),
(1012, 88, 7, 'Itang', 'Itang Special woreda', 'Gambela'),
(1013, 89, 8, 'Sofi', 'Harari', 'Harari'),
(1014, 89, 8, 'Shenkor', 'Harari', 'Harari'),
(1015, 89, 8, 'Jinela', 'Harari', 'Harari'),
(1016, 89, 8, 'Hakim', 'Harari', 'Harari'),
(1017, 89, 8, 'Erer (HR)', 'Harari', 'Harari'),
(1018, 89, 8, 'Dire Teyara', 'Harari', 'Harari'),
(1019, 89, 8, 'Amir Nur', 'Harari', 'Harari'),
(1020, 89, 8, 'Aboker', 'Harari', 'Harari'),
(1021, 89, 8, 'Abadir', 'Harari', 'Harari'),
(1022, 90, 1, 'Akaki Kality', 'Region 14', 'Addis Ababa'),
(1023, 90, 1, 'Nifas Silk Lafto', 'Region 14', 'Addis Ababa'),
(1024, 90, 1, 'Kolfe Keraniyo', 'Region 14', 'Addis Ababa'),
(1025, 90, 1, 'Bole', 'Region 14', 'Addis Ababa'),
(1026, 90, 1, 'Lideta', 'Region 14', 'Addis Ababa'),
(1027, 90, 1, 'Kirkos', 'Region 14', 'Addis Ababa'),
(1028, 90, 1, 'Yeka', 'Region 14', 'Addis Ababa'),
(1029, 90, 1, 'Addis Ketema', 'Region 14', 'Addis Ababa'),
(1030, 90, 1, 'Arada', 'Region 14', 'Addis Ababa'),
(1031, 90, 1, 'Gulele', 'Region 14', 'Addis Ababa'),
(1032, 90, 1, 'Lemi Kura', 'Region 14', 'Addis Ababa'),
(1033, 91, 6, 'Sabian', 'Dire Dawa urban', 'Dire Dawa'),
(1034, 91, 6, 'Malka Jabti /M.Jebdu)', 'Dire Dawa urban', 'Dire Dawa'),
(1035, 91, 6, 'Legehare', 'Dire Dawa urban', 'Dire Dawa'),
(1036, 91, 6, 'Addis Ketema (DD)', 'Dire Dawa urban', 'Dire Dawa'),
(1037, 91, 6, 'Gende Kore', 'Dire Dawa urban', 'Dire Dawa'),
(1038, 91, 6, 'Dechatu', 'Dire Dawa urban', 'Dire Dawa'),
(1039, 91, 6, 'Hafat Issa', 'Dire Dawa urban', 'Dire Dawa'),
(1040, 91, 6, 'Kazira', 'Dire Dawa urban', 'Dire Dawa'),
(1041, 91, 6, 'Police Maret', 'Dire Dawa urban', 'Dire Dawa'),
(1042, 92, 6, 'Aseliso', 'Dire Dawa rural', 'Dire Dawa'),
(1043, 92, 6, 'Jeldessa', 'Dire Dawa rural', 'Dire Dawa'),
(1044, 92, 6, 'Wahil', 'Dire Dawa rural', 'Dire Dawa'),
(1045, 92, 6, 'Biyoawale', 'Dire Dawa rural', 'Dire Dawa'),
(1046, 93, 10, 'Shebe Dino', 'Sidama', 'Sidama'),
(1047, 93, 10, 'Hawassa Zuria', 'Sidama', 'Sidama'),
(1048, 93, 10, 'Arbegona', 'Sidama', 'Sidama'),
(1049, 93, 10, 'Dale', 'Sidama', 'Sidama'),
(1050, 93, 10, 'Aleta Wendo', 'Sidama', 'Sidama'),
(1051, 93, 10, 'Dara', 'Sidama', 'Sidama'),
(1052, 93, 10, 'Hulla', 'Sidama', 'Sidama'),
(1053, 93, 10, 'Bensa', 'Sidama', 'Sidama'),
(1054, 93, 10, 'Aroresa', 'Sidama', 'Sidama'),
(1055, 93, 10, 'Boricha', 'Sidama', 'Sidama'),
(1056, 93, 10, 'Gorche', 'Sidama', 'Sidama'),
(1057, 93, 10, 'Malga', 'Sidama', 'Sidama'),
(1058, 93, 10, 'Wonosho', 'Sidama', 'Sidama'),
(1059, 93, 10, 'Chire', 'Sidama', 'Sidama'),
(1060, 93, 10, 'Bursa', 'Sidama', 'Sidama'),
(1061, 93, 10, 'Aleta Chuko', 'Sidama', 'Sidama'),
(1062, 93, 10, 'Bona Zuria', 'Sidama', 'Sidama'),
(1063, 93, 10, 'Hawasa town', 'Sidama', 'Sidama'),
(1064, 93, 10, 'Wondo-Genet', 'Sidama', 'Sidama'),
(1065, 93, 10, 'Yirgalem town', 'Sidama', 'Sidama'),
(1066, 93, 10, 'Aleta Wondo town', 'Sidama', 'Sidama'),
(1067, 93, 10, 'Leku town', 'Sidama', 'Sidama'),
(1068, 93, 10, 'Hawela', 'Sidama', 'Sidama'),
(1069, 93, 10, 'Bura', 'Sidama', 'Sidama'),
(1070, 93, 10, 'Dara Otilicho', 'Sidama', 'Sidama'),
(1071, 93, 10, 'Teticha', 'Sidama', 'Sidama'),
(1072, 93, 10, 'Chirone', 'Sidama', 'Sidama'),
(1073, 93, 10, 'Shafamo', 'Sidama', 'Sidama'),
(1074, 93, 10, 'Chabe Gambeltu', 'Sidama', 'Sidama'),
(1075, 93, 10, 'Daye town', 'Sidama', 'Sidama'),
(1076, 93, 10, 'Hokko', 'Sidama', 'Sidama'),
(1077, 93, 10, 'Bilate Zuria', 'Sidama', 'Sidama'),
(1078, 93, 10, 'Darara', 'Sidama', 'Sidama'),
(1079, 93, 10, 'Daella', 'Sidama', 'Sidama'),
(1080, 93, 10, 'Chuko town', 'Sidama', 'Sidama'),
(1081, 93, 10, 'Wondo-Genet town', 'Sidama', 'Sidama'),
(1082, 93, 10, 'Loka Abaya', 'Sidama', 'Sidama');

-- --------------------------------------------------------

--
-- Table structure for table `usercom`
--

CREATE TABLE `usercom` (
  `ID` int(11) NOT NULL,
  `name` varchar(25) NOT NULL,
  `email` varchar(100) NOT NULL,
  `user-comment` varchar(255) NOT NULL,
  `com-date` timestamp NOT NULL DEFAULT current_timestamp()
) ENGINE=InnoDB DEFAULT CHARSET=utf8mb4 COLLATE=utf8mb4_general_ci;

--
-- Dumping data for table `usercom`
--

INSERT INTO `usercom` (`ID`, `name`, `email`, `user-comment`, `com-date`) VALUES
(0, 'test001', '', 'hey from comment uhdhudu;gdujbuucuu biuhh8 h hujiu;lliuyyy  ub hgu g bloufd0ew hupuiuwyuuyer wheur d\\sjhfyJ UGUnbj\\bjy\\tysgdl ghhg\\vdkgdyudb yfsdhby vk\\j', '2024-08-23 19:52:44'),
(0, 'Biniyam', '', 'hello', '2024-08-25 17:30:00'),
(57, 'Biniyam', '', '123', '2024-08-25 18:19:46'),
(57, 'Biniyam', 'girmabinyam7@gmail.com', 'hello A', '2024-08-25 18:23:22'),
(57, 'Biniyam', 'girmabinyam7@gmail.com', 'hello A', '2024-08-25 18:24:03'),
(63, 'Biniyam', 'girmabinyam7@gmail.com', 'hello', '2024-08-26 08:02:02'),
(63, 'Biniyam', 'girmabinyam7@gmail.com', 'comment from biniyam', '2024-08-26 08:05:43'),
(63, 'Biniyam', 'girmabinyam7@gmail.com', '', '2024-09-01 21:11:12'),
(68, 'alemayew', 'girmabinyam@gmail.com', 'hello', '2024-09-03 21:17:45'),
(76, 'biniyam', 'girmabinyam7@gmail.com', 'hello biniyam this website is for the customers', '2024-09-08 07:27:36'),
(83, 'biniyam', 'girmabinyam7@gmail.com', 'hello from binyam', '2024-09-13 11:07:49'),
(85, 'test001', 'g@q', 'hello my name is binyam', '2024-09-15 19:48:07'),
(87, 'Biniyam', 'hello@g', 'hello from comment\r\n', '2024-09-19 09:23:03');

-- --------------------------------------------------------

--
-- Table structure for table `zone`
--

CREATE TABLE `zone` (
  `regionId` int(2) DEFAULT NULL,
  `zoneId` int(2) NOT NULL,
  `zoneName` varchar(20) DEFAULT NULL
) ENGINE=InnoDB DEFAULT CHARSET=utf8 COLLATE=utf8_general_ci;

--
-- Dumping data for table `zone`
--

INSERT INTO `zone` (`regionId`, `zoneId`, `zoneName`) VALUES
(14, 1, 'North Western'),
(14, 2, 'Central'),
(14, 3, 'Eastern'),
(14, 4, 'Southern'),
(14, 5, 'Western'),
(14, 6, 'South Eastern'),
(14, 7, 'Mekelle'),
(2, 8, 'Awsi /Zone 1'),
(2, 9, 'Kilbati /Zone2'),
(2, 10, 'Gabi /Zone 3'),
(2, 11, 'Fanti /Zone 4'),
(2, 12, 'Hari /Zone 5'),
(3, 13, 'North Gondar'),
(3, 14, 'South Gondar'),
(3, 15, 'North Wello'),
(3, 16, 'South Wello'),
(3, 17, 'North Shewa (AM)'),
(3, 18, 'East Gojam'),
(3, 19, 'West Gojam'),
(3, 20, 'Wag Hamra'),
(3, 21, 'Awi'),
(3, 22, 'Oromia'),
(3, 23, 'Central Gondar'),
(3, 24, 'West Gondar'),
(9, 25, 'West Wellega'),
(9, 26, 'East Wellega'),
(9, 27, 'Ilu Aba Bora'),
(9, 28, 'Jimma'),
(9, 29, 'West Shewa'),
(9, 30, 'North Shewa (OR)'),
(9, 31, 'East Shewa'),
(9, 32, 'Arsi'),
(9, 33, 'West Hararge'),
(9, 34, 'East Hararge'),
(9, 35, 'Bale'),
(9, 36, 'Borena'),
(9, 37, 'South West Shewa'),
(9, 38, 'Guji'),
(9, 39, 'West Guji'),
(9, 40, 'Buno Bedele'),
(9, 41, 'West Arsi'),
(9, 42, 'Kelem Wellega'),
(9, 43, 'Horo Gudru Wellega'),
(9, 44, 'Finfine Special'),
(9, 45, 'East Bale'),
(12, 46, 'Siti'),
(12, 47, 'Fafan'),
(12, 48, 'Jarar'),
(12, 49, 'Erer'),
(12, 50, 'Korahe'),
(12, 51, 'Shabelle'),
(12, 52, 'Doolo'),
(12, 53, 'Afder'),
(12, 54, 'Liban'),
(12, 55, 'Nogob'),
(12, 56, 'Daawa'),
(4, 57, 'Metekel'),
(4, 58, 'Assosa'),
(4, 59, 'Kamashi'),
(4, 60, 'Mao Komo Special'),
(5, 61, 'Guraghe'),
(5, 62, 'Hadiya'),
(5, 63, 'Kembata Tembaro'),
(11, 64, 'Gedeo'),
(11, 65, 'Wolayita'),
(11, 66, 'South Omo'),
(11, 67, 'Gamo'),
(11, 68, 'Alle'),
(11, 69, 'Konso'),
(11, 70, 'Halaba'),
(11, 71, 'Gofa'),
(11, 72, 'Basketo'),
(5, 73, 'Siltie'),
(11, 74, 'Amaro'),
(11, 75, 'Burji'),
(11, 76, 'Derashe'),
(5, 77, 'Yem Special'),
(13, 78, 'Sheka'),
(13, 79, 'Kefa'),
(13, 80, 'Bench Sheko'),
(13, 81, 'Dawuro'),
(13, 82, 'Mirab Omo'),
(13, 83, 'Konta Special'),
(7, 84, 'Nuwer'),
(7, 85, 'Agnewak'),
(7, 86, 'Majang'),
(7, 87, 'Majang'),
(7, 88, 'Itang Special woreda'),
(8, 89, 'Harari'),
(1, 90, 'Region 14'),
(6, 91, 'Dire Dawa urban'),
(6, 92, 'Dire Dawa rural'),
(10, 93, 'Sidama');

--
-- Indexes for dumped tables
--

--
-- Indexes for table `answer`
--
ALTER TABLE `answer`
  ADD PRIMARY KEY (`Aid`);

--
-- Indexes for table `customer`
--
ALTER TABLE `customer`
  ADD PRIMARY KEY (`ID`);

--
-- Indexes for table `images`
--
ALTER TABLE `images`
  ADD PRIMARY KEY (`ID`);

--
-- Indexes for table `question`
--
ALTER TABLE `question`
  ADD PRIMARY KEY (`Qid`);

--
-- Indexes for table `region`
--
ALTER TABLE `region`
  ADD PRIMARY KEY (`regionId`);

--
-- Indexes for table `town`
--
ALTER TABLE `town`
  ADD PRIMARY KEY (`townId`),
  ADD KEY `Region Id` (`regionId`),
  ADD KEY `town_ibfk_1` (`zoneId`);

--
-- Indexes for table `zone`
--
ALTER TABLE `zone`
  ADD PRIMARY KEY (`zoneId`),
  ADD KEY `regionId` (`regionId`);

--
-- AUTO_INCREMENT for dumped tables
--

--
-- AUTO_INCREMENT for table `answer`
--
ALTER TABLE `answer`
  MODIFY `Aid` int(11) NOT NULL AUTO_INCREMENT, AUTO_INCREMENT=29;

--
-- AUTO_INCREMENT for table `customer`
--
ALTER TABLE `customer`
  MODIFY `ID` int(7) NOT NULL AUTO_INCREMENT, AUTO_INCREMENT=97;

--
-- AUTO_INCREMENT for table `question`
--
ALTER TABLE `question`
  MODIFY `Qid` int(11) NOT NULL AUTO_INCREMENT, AUTO_INCREMENT=13;

--
-- Constraints for dumped tables
--

--
-- Constraints for table `town`
--
ALTER TABLE `town`
  ADD CONSTRAINT `town_ibfk_1` FOREIGN KEY (`zoneId`) REFERENCES `zone` (`zoneId`);

--
-- Constraints for table `zone`
--
ALTER TABLE `zone`
  ADD CONSTRAINT `zone_ibfk_1` FOREIGN KEY (`regionId`) REFERENCES `region` (`regionId`);
COMMIT;

/*!40101 SET CHARACTER_SET_CLIENT=@OLD_CHARACTER_SET_CLIENT */;
/*!40101 SET CHARACTER_SET_RESULTS=@OLD_CHARACTER_SET_RESULTS */;
/*!40101 SET COLLATION_CONNECTION=@OLD_COLLATION_CONNECTION */;
